rank,proxyWallet,userName,xUsername,verifiedBadge,vol,pnl,profileImage,active_balance,trade_count,roi
4,0x3a8aa345d5db7ec5138298c8c4f4540259be7699,TheReturnOfDarthMaul,,False,4172472.8405969995,1828372.9414434507,,1689508.2857999997,1203,43.81988838019246
12,0x076daa87c4fe1a85402a9b6b8e0a866224388d4c,omnibus-076daa,,False,33134939.681215994,792194.0280870773,,37555.4157,43064,2.390811740442574
18,0x6ac5bb06a9eb05641fd5e82640268b92f3ab4b6e,crispychook99,,False,19502098.361265,630559.0846818022,,1360689.8875000002,26459,3.233288403130078
19,0xc8ab97a9089a9ff7e6ef0688e6e591a066946418,ArmageddonRewardsBilly,Eltonma,False,6497925.366392993,588761.7321161388,https://polymarket-upload.s3.us-east-2.amazonaws.com/rewardsiconbilly_637fb65a-1112-49bc-9376-3fb6d377cde0_1738970845400.png,743514.9037999999,49929,9.060764765954232
22,0x7b02b2bac2a30ed5e40b7094e734f4c3dc2a4991,foodenjoyer,,False,3761723.6069059996,535384.7306965237,https://polymarket-upload.s3.us-east-2.amazonaws.com/profile-image-5560611-d85e5215-b379-4aef-a93c-e95b42d9dcbd.webp,565063.7132,121,14.232431370386491
23,0x96489abcb9f583d6835c8ef95ffc923d05a86825,anoin123,,False,6238760.0043520015,512583.8411366095,,625374.1482999999,1231,8.216117317849122
25,0x1058f156b207cafe61d102e97bf6796931d301c1,TheyAreTakingTheHobitsToIsengard,,False,591316.037037,462231.34455322044,,58530.7672,1588,78.1699320839319
26,0x1465b79bff7992bc703e1aafb3683b1089647072,JnStrtPrdctnMrkts,,False,2513160.874264001,436518.7530988756,,4332486.4037,131,17.36931199148616
29,0x2117ae94a97d69b78cbc81b6680a62deb1955c26,Zzzz87,,False,7336805.043868,405994.32012200495,,120731.96069999998,7638,5.533666462370149
34,0x44c1dfe43260c94ed4f1d00de2e1f80fb113ebc1,aenews2,aenews,False,3572159.210247,342627.5191751125,https://polymarket-upload.s3.us-east-2.amazonaws.com/profile-image-154436-a84dabd0-06ee-40d3-be95-e454283cdfc0.jpg,1384620.0830000003,3251,9.59160829652442
39,0xa080dadd87036ad01dbf5e9c254b0c3dbdba234f,bands1,,False,4585131.828864,316231.6952862352,,28833.501399999997,750,6.89689428983297
40,0x06dc51826bc524d9a83770e7de9dd7e005b04524,0x06dc51826bc524d9a83770e7de9dd7e005b0452,,False,28841536.900644917,313741.4030291046,,485686.0523999998,15842,1.087810972452335
44,0xe5b70fd855af9258d9463992e4f1ed7987905ee3,alwaysfade,,False,980830.451422,298205.7032975469,,18098.198800000002,194,30.403389583307767
68,0x709e8dcb133555794decc598e07f2c923b8366f5,0xd4aa6f8e91cfea29b66a48ebff52814,,False,5214717.26665,214311.5578030002,,1174724.0,415,4.109744533487943
71,0x8c0b024c17831a0dde038547b7e791ae6a0d7aa5,THEHIGHLIFE,,False,7923129.9319,208394.70116850972,,41622.2727,5340,2.6302067864553598
74,0x866056133a70de9282a080758858d1a0c8b393ed,esportsbetter1,,False,2037029.8318260005,203804.90296490013,https://polymarket-upload.s3.us-east-2.amazonaws.com/profile-image-8336413-102d2c4d-5c62-41c1-ac05-4bd93da6ade3.png,17517.981,365,10.005003352464835
77,0x614dc8d3542c12103d2c6a3553fd761e391d1546,mr.ozi,MrOziPM,True,2272154.797524,198112.70634700853,https://polymarket-upload.s3.us-east-2.amazonaws.com/Capture_2c5e68de-e9d9-41e8-b25d-2dcc67eefc45_1721219990648.PNG,423590.6527,2018,8.719155339367495
83,0xf2f6af4f27ec2dcf4072095ab804016e14cd5817,gopfan2,r_gopfan,False,895160.3890509999,186238.84906416037,https://polymarket-upload.s3.us-east-2.amazonaws.com/rus_gopfan_1695145206069_a77285ef-7ff0-4f2f-a789-8a42bcd1022e_1724208223999.webp,133690.0662,2047,20.805081563271653
84,0xeb490d0534bb68b4c2ce139b219a728cd2c3693e,SuperavitFiscal,,False,1195049.5177949995,185833.42514560898,,531008.6258,341,15.5502698740461
85,0xc6587b11a2209e46dfe3928b31c5514a8e33b784,Erasmus.,,False,3509331.8785140007,183500.62857113982,https://polymarket-upload.s3.us-east-2.amazonaws.com/profile-image-642445-92826f3c-3576-4719-880c-027883552860.png,867161.6266999998,771,5.2289334529637514
89,0x448861155279dbf833d041b963e3ac854599e319,0x448861155279dbf833d041b963e3ac854599e319,,False,3080173.4633040004,178066.01509442215,https://polymarket-upload.s3.us-east-2.amazonaws.com/profile-image-108046-a7cbec59-4bd4-4efc-8ade-4e81e102acb0.png,10010.1571,7426,5.781038542661056
93,0x88c4919de76e526d55a32c1f8afb439dd1f1129a,RenanPresidente.,,False,2205468.289557,160771.41661991828,,1076274.5457000001,460,7.2896725553107595
95,0x67ac9e1ad7d7e74ef0215d14fc8edb538e4fedf1,3648393489047,,False,14003758.851025017,158518.48520513214,https://polymarket-upload.s3.us-east-2.amazonaws.com/profile-image-2859653-72a63b57-7717-41ac-bf32-1c5b8c00c882.png,38459.29870000002,2510,1.1319709721617297
98,0x032eb1bc893940263ad0b01889f262fc232f2a9e,purplegatto,,False,6689659.670835001,155579.38760315953,,71254.9596,12875,2.325669694101795
108,0xf68a281980f8c13828e84e147e3822381d6e5b1b,Nooserac,Nooserac,False,14036439.816186003,142770.38048199314,https://polymarket-upload.s3.us-east-2.amazonaws.com/profile-image-2123373-e5468129-afeb-4f83-bcc7-cfaf1c2da5ba.png,927727.4535999998,16043,1.0171409727227176
109,0x1057e7d3ddafc60a4aeb10a2bc5b543792449ea5,Macks22,,False,328679.071633,137422.40425434904,,281809.51470000006,126,41.81051247698351
110,0x71edffd0d70a1da823ff07a3c6fc81457294d338,pako,,False,514002.924473,136081.9183606605,,123270.12270000004,482,26.47493076040051
116,0x2974bd0059e48f215c391882976e0f1b4c8c9c23,65765757,,False,1764152.3969639996,129976.99635582759,,547085.9835,370,7.367673936759103
130,0xc02147dee42356b7a4edbb1c35ac4ffa95f61fa8,Eatpraylove,,False,1693632.376029,111585.06855490431,,222548.17170000004,1535,6.588505872598745
134,0xa19cbababc312f9df185e49d7004c249ed1ade6b,Tokor,,False,3034256.223265001,104640.14748840597,,547653.5985000002,1175,3.4486259494528873
141,0x23d81ba9371e576015c1e562db09c689f56b0288,flawfence,,False,6353686.733847003,97240.91313698248,,403104.54750000004,676,1.530464393514495
142,0xc6dd722558dbfbd8fa780efcbe819ed8c6604b9f,tourists,,False,1559098.633458,96531.36009132503,https://polymarket-upload.s3.us-east-2.amazonaws.com/profile-image-2909538-0895d69a-234c-409a-b0f4-ca4253ab5cb6.jpg,392489.3292999999,835,6.191485132484754
147,0x31c518f864d1394361fec967b3daa9093a86ede4,BTCGambler247,,False,570639.7499759999,93422.18146408202,,109005.35429999999,569,16.37148156398344
150,0xd1049158a102840ce595efc6ab683a0cb6fbacef,pilimili,,False,2975610.5669479994,91109.8471264547,,467286.0968,276,3.0618874707083568
156,0xfaf680c17a9cca24ff0773ae2d9f7db49c02cc47,Seutervoinen,,False,1178319.7599030002,87567.1873279656,https://polymarket-upload.s3.us-east-2.amazonaws.com/profile-image-8708433-92a02b52-e41a-4d73-aec1-f97f004b79cd.png,197773.72359999985,540,7.4315300742452255
157,0xda3a9b7afff7b44ad4fd75308723194e0a11381f,Gooooooollllllllll,,False,2833327.7751499987,87537.42432415149,,10999.9994,3280,3.089562213447655
160,0xdf17f4a8dd01a4cfa6fc3da323a2baee5f8697d1,ED99999,,False,5121564.885462003,86993.93195494052,https://polymarket-upload.s3.us-east-2.amazonaws.com/profile-image-1545882-f6db62db-a3cf-48af-a75b-8a4689869cb4.png,992137.8797999999,1467,1.6985810763011162
166,0x40471b34671887546013ceb58740625c2efe7293,esports095,Frank3261939249,False,1990385.9055770002,82221.33326363686,https://polymarket-upload.s3.us-east-2.amazonaws.com/profile-image-1612623-69a46f7f-2905-4f22-9d46-43d32df5e7d4.png,60605.90750000001,2215,4.130924210890723
173,0x3c918a8ef8c379304f744592120cbb4d76149af7,Vilgefortz,,False,1897487.751836,78112.50001341595,,330637.08160000003,355,4.116627363619854
175,0x7f9e2d1df78614564a70becc7fa14aa9a6623a0e,LulaVaiPerder,,False,912293.542944,76558.56289201441,,731065.2538000001,425,8.391878193608333
179,0x71ca04d689bc38c5e4dcda8a4d743f279c5a3501,Ronaldo2100,,False,887461.5355979999,75996.59144618647,,408165.9483,420,8.563367357096501
181,0xecaa8806a9a05049d7d5260a33dc924220e377a9,Melody626,,False,449150.340967,75295.18632537656,,449616.0645,1469,16.763916100624456
182,0xed107a85a4585a381e48c7f7ca4144909e7dd2e5,qmarktea2,,False,7323185.223283,75282.77396478032,https://polymarket-upload.s3.us-east-2.amazonaws.com/profile-image-117964-6e6d789b-ebb3-49e9-a6ac-5535f729d9a2.png,7647819.816,2163,1.02800586997895
184,0x5c14eb6a6d5083c003daa8241ed559d2dc82cc49,forinnerpsandr1x11222,,False,181536.48921600002,74982.01527269442,,594467.2151999999,291,41.30410122863925
185,0xcc500cbcc8b7cf5bd21975ebbea34f21b5644c82,justdance,,False,4707290.279290003,74363.50284561067,https://polymarket-upload.s3.us-east-2.amazonaws.com/profile-image-508970.png,232331.3472,22315,1.5797517984556257
214,0x73e35ce0b7e36ef3ce29ebd12b30b28007383239,Stonktrader,,False,217687.367886,65443.367399999974,,76568.63779999998,491,30.063006427764705
216,0xcb59ea1babf3b26ea50088057e427ab0ed8f0a22,BeneGesseritVoice,BeneGesseritPM,False,358611.842857,65364.67861947349,https://polymarket-upload.s3.us-east-2.amazonaws.com/profile-image-1780069-ad9f13ac-d2fa-43d5-866b-85c74c22e93a.webp,25195.187900000008,1941,18.227138874925082
218,0xdaef2be2a19ad331737d06545f85615b094554e9,PEYZ-BIGGEST-FAN,,False,2868398.1917669997,64972.87704776121,https://polymarket-upload.s3.us-east-2.amazonaws.com/profile-image-2958490-a0519f84-dfb7-4fea-a9a0-1464fb295a8e.webp,132991.2148,1959,2.265127527769651
222,0xaa075924e1dc7cff3b9fab67401126338c4d2125,rustin,,False,485712.88195899996,63358.73247943607,,10765.0689,1360,13.044482621892723
234,0x8afa03dd6974e44d00c4d14dcccb00c0ddf6adb6,stupid22,,False,3218537.471393999,60222.7723602827,,753104.8648999997,945,1.8711222999743193
238,0x944e0472b99926f4f712fc97dc0a846a8c5d8c94,mountaindewd,,False,662561.3071520001,59729.80424200204,https://polymarket-upload.s3.us-east-2.amazonaws.com/profile-image-137052-0f368c7a-cbc4-436c-a320-916a82f5b425.png,97624.99,743,9.01498526962717
242,0xf93f33cc7d962e9286ca08c285fb4c7508b8f94b,neymar1,,False,928070.8612690001,59401.81857058652,,17861.0169,1163,6.4005692937458765
244,0xac4a1fabdac2438d6afa2a9e8e83845310a0bf1e,HerrieDavis,,False,1912956.0459029987,58439.11329678944,,54645.48810000004,9214,3.0549114508903226
250,0xb10047d6a254b2ebb306d7a7d13bf59171ab6461,Parz1vaI,Parz1valPM,False,2082540.387115999,56532.46772981936,https://polymarket-upload.s3.us-east-2.amazonaws.com/profile-image-655189-18afdd1d-26b5-439b-aba1-4123bb3739e6.jpeg,532055.4318999997,6012,2.714591663122952
253,0xfb5148fc7223630e0967dbfa8cd920d83ab4742d,StudentMoney,StudentM0ney,False,1608512.2675909994,55716.735255729065,,355811.7968,1702,3.4638675985464293
256,0xf1f9a438f2697381b4ac8eb283d6f4dd772d1245,tunatyler,,False,493655.20909099997,55487.06727145296,https://polymarket-upload.s3.us-east-2.amazonaws.com/profile-image-566685-689e8606-e3cf-4fb0-b4b1-d55fa3c39874.jpg,114223.11209999998,2213,11.24004492399158
259,0xd0394bd0de8d901c3fde039a86bf08e6aa4a2532,pantomime,,False,1618110.0710260004,54146.64796015249,,116218.32349999997,2762,3.3462895342972274
262,0xe542afd3881c4c330ba0ebbb603bb470b2ba0a37,leegunner,,False,3689508.822944002,53918.47286363062,,71785.1127,6801,1.461399754035741
263,0x69d1983b8a327b2eb2897c7fc85ac6f637047c8b,fkpajeets148840,,False,820553.5857950005,53860.243579815535,https://polymarket-upload.s3.us-east-2.amazonaws.com/profile-image-9675856-aecdc6d2-d5ab-4726-aaba-9e7950e45e71.png,31697.9939,1270,6.5638910745399475
266,0x819dfea4ffa9c4d3ef27f00e2dbac7e9e93507f1,JokerTheClown,,False,435579.5670900001,53650.9073582515,,41247.45700000001,8122,12.317131337606126
269,0xd24b95551eb288ff82bb625dcd7f32f62abdef76,BiDiFakePolls,River_Whales,False,636425.742237,53098.886759892106,https://polymarket-upload.s3.us-east-2.amazonaws.com/profile-image-7724197-1baa735a-d86d-4f6f-a574-2b27fda004d7.png,81110.6172,355,8.343296512999704
272,0xecb14ac6e9ca447ce2f2912e6217b43d7b655da3,SaylorMoon,FhantomBets,False,1363864.330245,52757.74995718901,,185098.57619999998,2510,3.868254986015492
275,0x8b4bca1d794779e66e023d44391b2a86c5ab541b,0x8B4bcA1D794779E66e023D44391B2A86C5ab541B-1769764313952,,False,2775606.3160470002,52018.50278970756,,3724364.297799999,892,1.8741311579010946
278,0x63bcf78f77cef62b4a9b8d101a14247bf90292c5,Bettong,,False,2341665.2246289994,51238.56984613293,,35051.5633,461,2.1881253266786196
280,0xfb593511b24df1edff63c35de81c72d5733683f9,0xFB593511b24DF1EdfF63c35de81C72d5733683f9-1772989578742,,False,249187.79090799997,50686.25197620549,,120483.74049999999,249,20.340584019591407
285,0x22e4248bdb066f65c9f11cd66cdd3719a28eef1c,ProfessionalPunter,evan_semet,False,1591732.755692,49757.25302495656,https://polymarket-upload.s3.us-east-2.amazonaws.com/profile-image-132928-1ac187e2-42ca-44cf-a0c4-38b4af1d7dc0.png,336097.4715,1005,3.1259803410481917
294,0x62cf46cd4c3af254dccfc37a7f93de265b4b5826,eCash,,False,760400.4002479999,48114.626102695474,https://polymarket-upload.s3.us-east-2.amazonaws.com/ecash_gif_dc6c3aad-d54d-4b47-8f3d-5d067fb9c3ac_1741688268839.gif,396129.88429999974,600,6.327538239985564
297,0x558f2f82cf0394c28ce3c8e117ee747aeab51a56,LesterDiamond,,False,970822.4471319992,47755.00943672797,,162064.64799999975,14982,4.919026087396895
298,0x524db836890e08aceb3abcdee98d44240e324495,Mac-Gyver,,False,1644112.4446799995,47472.755434003004,https://polymarket-upload.s3.us-east-2.amazonaws.com/profile-image-8780378-4f14c25f-3295-4074-969b-6b94ef2338ee.png,66533.67869999996,441,2.8874396996151215
299,0xfaf98181c44636998a194aa7660bcae1b977f4c4,onekey02,,False,308028.697925,47149.40117663329,,1749291.8971,431,15.3068209209888
301,0xd52b8dcb4b812c4056faf41164a6f6c73f4c5c72,TBill1,,False,804432.4543599999,47103.75730793481,https://polymarket-upload.s3.us-east-2.amazonaws.com/profile-image-8073489-42b90002-bd96-4838-a2fd-1381349504b3.png,122819.3626,431,5.855526719817662
306,0xe5f0ae9cc9aef77ae3c2a64c9e69caa3f335dc1d,0xE5F0AE9cc9aeF77ae3c2A64c9E69caa3F335dc1d-1773531520731,,False,1316729.9180929998,46188.86249464951,,19681.758299999998,4301,3.507846359376731
320,0x6302cdefa498e7174dd0fcd6b06652a38eae7917,0x6302CDeFa498e7174dd0fcD6b06652A38eAe7917-1720863615256,,False,181307.81120599998,43858.42093463899,,98529.9853,109,24.190033867215753
322,0x1e386b0e0f1fc58c67ce738d7bbc4ba7ec74fd47,beeemw,,False,1988371.6762009999,43474.05668055003,,14705.0,350,2.1864150048451676
325,0xbf13934a1fec7d3211fc15c138d84ac2a691b91a,Bilberry,,False,1879774.174908002,43088.01204312454,,10541.9965,8144,2.292190871556862
329,0xc1a9273b15a17d21af09dddb42b9239b93d4e2db,0xc1a9273b15a17d21AF09DddB42b9239B93D4e2Db-1777826537793,,False,278514.024304,42536.79027398851,,42762.2984,302,15.272764228044512
331,0xe25b9180f5687aa85bd94ee309bb72a464320f1b,WordleAddict,_decap,False,818526.2900739999,42405.0302458159,https://polymarket-upload.s3.us-east-2.amazonaws.com/profile-image-138318-2245c346-19b7-4582-a0e7-2b58eb0578e1.webp,263968.34140000003,2754,5.180655864087422
333,0xff1e352d5310eab17d1e9fd7e00ec33f16c05e2d,0xff1e352d5310eab17d1e9fd7e00ec33f16c05e2,,False,1286187.1976850005,42221.88296314214,,264478.4693,636,3.2827167801963055
337,0xc97b0b2a2547bb3ed57167092ef8a6e816c347e5,Avamax,,False,1271327.923418,41936.21905411173,,1085982.7645000005,668,3.298615430499242
344,0x88b59d79b6e1659c95a0043028e5bb7a26e6205c,almost-never,,False,326044.400983,41197.77574643989,,277734.729,356,12.635633558567976
349,0x1ee9a5fc09665909c0cce297c581703bfbb9197f,vinii,viiniijunior,False,956041.0109570003,40679.62080062747,https://polymarket-upload.s3.us-east-2.amazonaws.com/profile-image-3182982-b6b5b95b-0f9e-4483-ac26-fd178a3bcfdf.jpeg,74284.36459999996,6597,4.255007926899185
352,0xcb016f2b417f98c88fc91fffe7e69d4a6b1c7dfb,0x7e1f9c90800E42806e242ABC5fcf26B571c79C27-1775842903107,,False,1515257.1354790002,40614.69366006105,,259088.53080000007,5323,2.680382933634694
354,0x1c144e30f405a25f991cbd8baa15d40599090869,bernardbulletin,bernardbulletin,False,750696.6986939999,40438.81193290503,https://polymarket-upload.s3.us-east-2.amazonaws.com/profile-image-765853-745c728b-99ca-4c24-8b78-3fc38c3477b7.png,214633.99860000008,2355,5.386837587438061
360,0xe3f2ecfd3e648bdabcd3fb701ccf294f13afe1c1,supersmard,,False,664024.7769710001,40270.79079581649,,60083.4948,170,6.064651831143227
363,0x4d6ef7033e3e332ba584882d09070b3abe755cfd,tankfest2027,,False,1596053.0729590002,40203.64052233996,https://polymarket-upload.s3.us-east-2.amazonaws.com/profile-image-6911508-97d4c159-99dd-4516-9667-2f5927744b00.png,31875.6141,143,2.5189413311804527
378,0x885ffdf360e5b0b6e6acb963fb3f8ba2344c8ed9,forecastication4,,False,1159744.7743130005,38776.446884989,,19970.1246,3942,3.343532796511979
379,0x2d99e29c4f066ba32098c65e4c7454b277d94ca3,scout,scout_pmkt,False,1895705.5264280003,38614.56024107995,https://polymarket-upload.s3.us-east-2.amazonaws.com/profile-image-528263-17356800-3eb5-4b47-8835-3355232a47f7.png,948163.5856000001,980,2.036949288945724
391,0x4f0eaecdea458c5ec4a248ce6a8443975bae0200,suleng66,,False,509540.9239679999,37372.40704237,,13752.8839,245,7.334525115536561
392,0x1f9e15f39bbd5d163b0eacf0fbef647ced9e4f1a,FrozenParasite,,False,538244.4077040001,37319.83229193458,https://polymarket-upload.s3.us-east-2.amazonaws.com/profile-image-6144982-d6ff6533-8eff-4c2c-a602-a60f9ff96c95.png,123175.68459999998,2089,6.933621930440584
396,0x90bf2dbb1ab3b3c1bdd76d73848afcb19b5799eb,0x90Bf2dbB1ab3b3C1bDd76D73848AFCb19b5799EB-1757018988089,,False,146269.28735199998,36988.90000207501,,16662.178900000006,762,25.28822056339174
397,0xeb6f0a13ea8c5a7a0514c25495adbe815c1025f0,456ythgbvcadscvb,,False,935803.1514259998,36984.967605749975,https://polymarket-upload.s3.us-east-2.amazonaws.com/profile-image-543980-ca39b437-34f7-4d2e-bbc0-1d31b0833304.png,94785.4391,1403,3.952216611943588
407,0x502b532f55778c0985846dc53a9bc71eb4f33b15,0x502b532F55778c0985846Dc53a9bc71eB4F33b15-1761320484518,,False,2829653.670389999,36392.80230498992,,19223.2226,63400,1.2861221387553783
411,0xabea08725590a4c6ae7c8e63214c9628bbc772ae,0xaBea08725590a4C6Ae7c8E63214C9628BbC772AE-1781431873018,,False,429848.59723400004,36195.07124946501,,17775.255500000003,208,8.420423256554496
414,0xfffadf38a520cd5a0035ff52d7fceb436a08864b,GoriIIa,,False,588796.313195,35949.32944190365,https://polymarket-upload.s3.us-east-2.amazonaws.com/csm_Gorilla_Ivo_Zoo_Berlin_2015__3__e0c18dac06_6af83152-7a60-42b1-88a9-e72fc0e1b0cc_1735479938692.jpg,657040.0205,421,6.1055629317430515
416,0x84ad9c5c547a82ec9a08547b94bd922446e5bfb7,BillBenter2026,,False,2906858.430848003,35785.948326000194,,902385.7635,36246,1.2310867273835742
419,0xe392d6cc6a012f306cef646f79114eb6f351c023,ssddssd,,False,787475.6015739997,35570.5084644795,,18135.5703,596,4.5170299109434575
421,0xf184bff6a9217f1a76dcba7c0c4888351ebbc2d7,drunkdegenerate,,False,695426.036696,35522.018593612054,,31456.5569,313,5.107950625832007
435,0x226bf1220731af372b1e7d572959414f31b4cad6,botbot,,False,1606444.7919009998,34627.31411962508,,176078.468,1116,2.1555246899364997
436,0xae2b0aaea325a32870f56ff19df3b87acaa190ea,TB14,,False,1416858.2730140002,34522.9806810547,,27586.944,961,2.43658673126254
437,0x9c2617462567859fcf5764e03b9a687ebca274bc,Tigerofthehood,,False,1421969.981483,34418.172612652284,https://polymarket-upload.s3.us-east-2.amazonaws.com/profile-image-4345330-a907192b-6700-4c24-bbd2-fc21826f2ada.webp,441647.7681,238,2.4204570462701964
438,0x671a326088dea34b79c51947e4a92c83545a2f1e,GingerMcKenna,,False,231171.471234,34411.616233799534,,40929.7591,10073,14.885753873568106
440,0x162f6fff88a52864f2ecc9833e58089d5254798d,Valen9,,False,1194765.745531,34232.76092733181,https://polymarket-upload.s3.us-east-2.amazonaws.com/profile-image-5572855-7eff0907-10c0-4fae-8f10-8a2c733813a1.png,652807.5954000001,851,2.8652278536925624
450,0x9478e0b0db650ac66ca3a2c9f6ed68ebca4863f5,50-Pence,6688888,False,665485.8815770001,33348.91307363447,https://polymarket-upload.s3.us-east-2.amazonaws.com/1711014527431_3e81fb22-8cad-4d4e-8302-660d1fd6c9c1_1723429122342.jpg,63023.6861,619,5.011212708916925
456,0xe394fd07cfceaceffcfab62afa3969afe8ec289c,Tobias1909,,False,523397.34116699995,32675.87508775647,,34433.9241,1242,6.243034214675272
458,0x6139c42e48cf190e67a0a85d492413b499336b7a,RememberAmalek,,False,1825696.0173700016,32607.31644057575,https://polymarket-upload.s3.us-east-2.amazonaws.com/3ADDD929_8FD6_462E_ACEB_A3A9A20E304F_95454ca8-4c51-49d6-9b4d-83f222896a18_1724047947234.png,445772.09849999996,2055,1.7860211190879451
476,0xe52c0a1327a12edc7bd54ea6f37ce00a4ca96924,aff3,,False,441724.45998700004,31408.97326570416,,593028.1832999998,289,7.110535211617787
482,0x121fd10502fbd639a491a4e5779bca49508c15c1,chongchongpanda,,False,616752.898454,31149.36011254508,,310792.79919999983,274,5.050541341698831
487,0xab19716584931d81cd9e7763402673a64baa4876,SlenderMan,,False,1798956.4854740007,30932.900272664345,,409145.5375999999,454,1.7194913007867418
496,0xb4f2592e67c333e73c923547cfe05e768180e5fa,M2sx92kljs42,,False,324828.39109899994,30492.677498208555,,174714.1758,589,9.387319068706379
506,0x40604cb1f958c03bea0b18aa43e4cb0d62f33ec3,C03B,Kaanha__,False,1188306.9647839994,29879.399884374492,,308261.96579999995,2184,2.514451296665228
516,0x6b25c5c4d1e681d2203297803793ad8c732b7a69,0x6b25c5c4d1e681d2203297803793ad8c732b7a69,,False,645269.6945800002,29563.647226093486,,27158.530099999993,4104,4.581595490136287
517,0x4ad6cadefae3c28f5b2caa32a99ebba3a614464c,noreasapa,,False,2722988.8023340004,29368.80974477998,https://polymarket-upload.s3.us-east-2.amazonaws.com/profile-image-833166-913f8e4e-79bb-428a-9dd4-c3d18d1bc474.png,71964.0,8946,1.0785505147728338
524,0x68c24bf4a8ad4d79a6fe4b8eec6f93a02dfd1711,mombil,mombil,False,1026976.6243700003,28951.6822352648,https://polymarket-upload.s3.us-east-2.amazonaws.com/images_d4a56771-49fd-42ed-8b25-8a8a9d19e06c_1721385750911.jpeg,479471.4959,2909,2.8191179378620457
533,0xb10bf118b2a3c1cff0379a4134a82eb6d51e0b04,saintaphextwin,,False,1226308.958524,28645.75197166903,https://polymarket-upload.s3.us-east-2.amazonaws.com/profile-image-4791664-4c43f540-64e6-458d-a9b8-b702dd82f07d.png,168326.45990000002,1310,2.3359327005282093
547,0xd44e974a3edb232aa4aedbdcc59792b76a5f67e2,KrackenSruster,,False,213926.17925200003,27950.324515536024,,316715.4158,872,13.065406306635897
549,0x98d04f9eb52d08ef9697f6eb8d7cfe8d46e5f14a,mrworldwide,MrWorldwidePI,False,764926.2816689999,27616.49594010505,https://polymarket-upload.s3.us-east-2.amazonaws.com/_nZTsY2k_37705_1710809896388.jpg,69673.72600000002,1629,3.6103473762005347
550,0xf9f207b77137caa79c6c4516abdef3133db45cba,extractive-manatee,ferrellcode,False,524808.2959989998,27556.51526284202,https://polymarket-upload.s3.us-east-2.amazonaws.com/profile-image-1963716-2cc879f8-d7fc-42b9-b8f4-ec598e921132.jpg,75104.10869999998,5009,5.250777373933611
571,0x95bf944dd22691364154fb436ee922798566e00b,hideo,,False,316361.844631,26594.738081873977,,270414.1568000005,392,8.40643033703818
585,0x6640bd87f6e4b6e8d62457448bd1b3a4711a2202,Jellow2,,False,339042.48944699997,26013.644253477505,https://polymarket-upload.s3.us-east-2.amazonaws.com/profile-image-2832178-1e92fb0f-80bd-43ca-86f5-27a823ac87b7.webp,140460.21430000008,540,7.672679697434805
593,0x40cfb29411d29f4fa0908f2a121297042cccd21d,whig,whiggeries,False,542585.1438660001,25733.851338097546,,223359.35779999997,952,4.742822694101061
599,0x1d620ed68c4fd00b189207ed1f8c13222766d76b,QMG-SCALAR,,False,100320.13582999998,25610.909392456982,,30741.442700000007,168,25.529181335895114
601,0x1d620ed68c4fd00b189207ed1f8c13222766d76b,QMG-SCALAR,,False,100320.13582999998,25600.908467073976,,30741.442700000007,168,25.519212324888237
605,0xbe89905ca9a689f5129621b62fcf715b5a45b88c,simpleman,,False,892558.3395629999,25208.374312091502,,175086.42300000007,1498,2.8242830966582666
606,0x876bb030ddd424ef505ae02914024cf18c6a1703,rewardbots,,False,673806.8788460001,25172.173355188497,https://polymarket-upload.s3.us-east-2.amazonaws.com/profile-image-8902922-ee5e1d5c-1f6e-4f6d-ac47-f2ac9e5a2838.png,25389.0527,467,3.7358142437340196
609,0x0826042fb1f3f5ff4325ed7237ebc87468070b32,deltasniper,,False,2021277.2286150004,25052.448103683586,,73375.09490000001,508,1.2394365181093827
615,0xc7d02944a76b9f83b199e9090ecc92c82d241f8a,0xc7D02944A76B9F83B199e9090ECC92C82d241F8a-1776944395495,,False,1530085.2443799993,24995.337606574445,,19367.9814,47330,1.6335911805163978
618,0x2110ba2a1e18840109482ff4ddc547baeff45850,George.Smiley,,False,147796.944022,24874.676190701008,https://polymarket-upload.s3.us-east-2.amazonaws.com/profile-image-3331022-a061e643-e660-4525-9b7e-c0560471c776.gif,62886.3393,302,16.83030481807414
629,0x5371f1b6954e31c502064614649cea3568cb76eb,oegdatam,,False,517537.932141,24455.03282237309,,494434.09260000003,293,4.725263850942325
634,0xe8d78397160e13edc306a63b1d88c9c1f3dd1252,coinlaundry,,False,1400384.907544,24183.277903606053,https://polymarket-upload.s3.us-east-2.amazonaws.com/profile-image-4244765-b7fd6e4d-eea5-4b18-8983-9982b252c0b4.png,41038.008499999996,341,1.7269022090518504
638,0x2b9dbf4b6e0e11309a9d6d2a09b72f65f652adc0,seal7,,False,547249.4835690001,24115.15590448952,https://polymarket-upload.s3.us-east-2.amazonaws.com/profile-image-3929424-ce912f57-03a8-4a7f-91ce-3225cadda90a.png,25150.490699999995,796,4.406610993438964
639,0xc8b9a30184244d427169cf62485dde6041b2b836,0xc8b9a30184244d427169cf62485dde6041b2b836,,False,620955.576878,24054.60712575207,,291278.14410000027,573,3.8738048294359886
651,0x5739ddf8672627ce076eff5f444610a250075f1a,hopedieslast,,False,318708.85981699993,23733.720431961498,,304097.4536000001,259,7.446834219039035
657,0x661daf6af6d884012dd6db73c09d72e8be224dc6,DOLLAR-PRINTER,,False,928953.2520639998,23402.23134711852,https://polymarket-upload.s3.us-east-2.amazonaws.com/profile-image-3789798-0c95bc9f-6e5c-4412-bba2-32a03f9c1ed3.webp,14566.5865,7909,2.519204415843547
660,0xe0dbdb7f005f233f4510e4ef7e53a2f76a8df44e,lug,,False,1027843.2193510002,23335.382976416506,,169730.1073,4405,2.2703251368580233
662,0x8e5c0cc55cda93d6cae14becb3b738a44dcaa68a,cocos228,,False,277684.393821,23304.812497886018,,241741.6139,126,8.392553926854344
670,0xc7e53ac4a7c76d6df8b794de2e7d0794265d2d3a,LiquidatedDegen,liquidatedxxx,False,732465.9335400001,22825.71975289401,https://polymarket-upload.s3.us-east-2.amazonaws.com/profile-image-3553565-6352b076-798c-49f2-9f3e-69a79d1810cc.png,41794.03299999999,4480,3.1162841447898533
671,0x2e3ea056400d81c42e2ce26ef25fda4ec5caabea,HDGB,,False,419276.5554529999,22799.44996169249,,151156.57359999995,1041,5.437807019059111
683,0x3dca854f147d9b9ecc56d37800f36b347ce23c13,Ryxon21,rickbuzz91,False,247416.89779100005,22433.061271100065,https://polymarket-upload.s3.us-east-2.amazonaws.com/profile-image-3741982-fa6ae504-06b2-4a07-82e9-9d1726c7bd34.webp,179343.11490000002,644,9.06690750364589
694,0xdebbe89ceb32828a99648bca497684f5209ceedb,Lexington,,False,525243.6174059999,22161.511161157006,,38352.33280000001,6481,4.219282334282365
696,0xf91e7ae81b8ede5636befafcd29018cbd0ba4f48,Champions26,,False,1029857.1150160005,22141.08887294501,,11553.2578,851,2.1499185226875874
698,0x38d5a13ef8e32d5e5a808ceba52d6ac78d4c063c,0x38d5a13ef8e32d5e5a808ceba52d6ac78d4c063c,,False,181756.312177,22078.748573039506,,36542.52859999999,3236,12.147445284617419
703,0x67d657e52db60591b27b411f0ed1dbde811c245e,StupidMonkeyyy,,False,417532.159819,22025.682867930027,https://polymarket-upload.s3.us-east-2.amazonaws.com/profile-image-3308449-6cc3c669-f52d-46d5-b2b5-c17006fddf71.png,54841.622700000014,404,5.2752063164375524
714,0x403f2471f8aaa1e8a224f1338b073bfa3fdb94f1,PippiTrader,,False,1644819.4131389998,21807.903993899097,https://polymarket-upload.s3.us-east-2.amazonaws.com/profile-image-8883670-8811f9d2-4c1b-4fa1-a851-79d1a07568de.png,10439.8341,4949,1.3258540007307271
719,0xe904443b4084bbda216e344353a44cd4324a2d9f,shovelingdigging,,False,226532.66322600006,21636.130767876006,,31234.0711,894,9.550998279789233
724,0xef104cc70851a4246e8e06790d7fad9708190b43,fiankee,,False,182650.32409899993,21523.076246660006,,21762.6964,6985,11.783760227545006
733,0xe74995389bfc1c24ca656e6c2502c1fca757f771,allenzzz,allenzzz_poly,False,429312.30979999993,21222.247960222292,https://polymarket-upload.s3.us-east-2.amazonaws.com/profile-image-720754-b90d799f-c8ed-438b-9eab-870ca65fd804.png,547585.3399000001,242,4.943312240478015
734,0x328dc4b82869856f3e1a1eae904e67957641f7a9,apmt,,False,96751.603282,21205.905645677463,,210226.22970000003,125,21.917885519549507
735,0x215adbb63b47d0ca92f849fe2c2dc1adb0f6254c,BikesAreTheBikes,,False,449857.5128060001,21200.768786858956,,63941.79789999999,5440,4.712774197015964
749,0x6d9fc316c3b8377060a44b852ba664adbfd59790,MEPP,MEPPonPM,False,2061869.4839119995,20710.365344417976,https://polymarket-upload.s3.us-east-2.amazonaws.com/profile-image-956250-ee2efdc0-e7ad-423d-b56c-900ab1eba912.png,511527.0235999998,1133,1.0044459897201667
760,0x43a6d60de9824e8ed8b0a2d851f49fcaf1e38b32,-Yang-,cgyang1627,False,94940.39413999999,20435.141377745505,https://polymarket-upload.s3.us-east-2.amazonaws.com/profile-image-4974629-fe381d84-496a-4310-bd07-46684e03484c.png,80518.72569999998,456,21.52418005302533
761,0x47ab026767cc320ac6e62f6ec747d59cf4d795df,bosshog,bosshogpoly,False,495128.0991230001,20407.521614567995,https://polymarket-upload.s3.us-east-2.amazonaws.com/2b8f3ef4c77afa8415da6fadbebe0511_86fe5acc-7903-44e6-96c0-7f90e9ae8052_1731211045391.jpg,285357.86780000024,1740,4.121665009664164
791,0x1cd24cc49782240413903b4b7e7694779f917f85,bitterfish,,False,181903.193135,19758.5367768075,https://polymarket-upload.s3.us-east-2.amazonaws.com/profile-image-4043214-0411c7f3-fbcd-4eb8-9420-62bfc38d18f3.png,112774.32560000001,602,10.862116511689624
797,0xc35049bc7b6bd28a49a40b261466ca91aad63669,ScroooogeMcDuck,,False,357624.307003,19594.871649999986,https://polymarket-upload.s3.us-east-2.amazonaws.com/profile-image-3554109-a0c5eddf-84dc-4a4e-91bc-02eb30cd4b31.jpg,173454.7796,1238,5.479177803715565
805,0xc1b399b26020a4f689108e9640fd3dc8ffc8501c,CoffeeLover,CoffeeLover_pm,False,4642.3,19399.54551726751,https://polymarket-upload.s3.us-east-2.amazonaws.com/1000107329_f91a754e-d6ee-49ef-b072-ca2184a79538_1740655287998.jpg,54230.221999999994,2361,417.8865113686644
816,0xbe74297ff19030f104ce1d538709f43b30eca70e,title1,Roundfaced8,False,345768.756578,19153.192397429993,,33585.61690000003,6440,5.539306843968516
817,0xcdb1f1ef8213c06911e4ba6a884176c5571e276c,Ahpo,,False,700021.259177,19136.40223489644,https://polymarket-upload.s3.us-east-2.amazonaws.com/profile-image-3301411-2b450922-932e-49df-8260-92c09d129773.png,91269.1541,3149,2.7336887250245367
818,0xcaab19659b995951a44cc992447cb2ad5be324dd,QMG-CORE,,False,940023.2879409998,19114.320485838572,,245117.84579999998,2380,2.0333879735794667
821,0xd6b6f6924341b00626e603240f799644d4b6342b,sciuboi,,False,417727.56579200004,19056.942189456953,https://polymarket-upload.s3.us-east-2.amazonaws.com/Untitled_design_2_4ce1f87f-ef74-45b7-b44b-1e8c1f5ceb12_1731784586987.png,60131.381899999986,516,4.562050424736876
827,0x736539924a5602b37a03a54fc12c1cc8f98964da,Contentious-Dinnerdate,,False,268748.01595100004,18917.01024967349,https://polymarket-upload.s3.us-east-2.amazonaws.com/profile-image-3375648-0eeb6070-af7f-40ec-a7b6-e8824f15fad7.png,60488.27719999998,1157,7.038939499788742
840,0xb51b3beffd13cde071ed799e70a7b0b598e8b4d9,cambridgeisaac,,False,365695.9172529999,18598.745799118504,https://polymarket-upload.s3.us-east-2.amazonaws.com/profile-image-623958-77877372-fbfd-4dd6-98f0-d8250e94f5ce.jpg,102628.03920000003,2240,5.085849997677526
845,0x09cc4da8a3e39237aa74b445a300565e33d0421a,rerevervadae4r3453214tpermdr43fvd,,False,87505.74971399999,18523.148430780006,,38761.0973,676,21.167921526665694
854,0x45e40dbee6f546c7b318498f8c9778560f5a7e20,fastball67,,False,698480.005117,18359.887463214996,,36385.3911,339,2.6285487528221503
858,0x515e2144bf38402568979db4ea7f6b64636c8309,bullishkirby,Quantumari,False,751839.634251,18301.272918240487,https://polymarket-upload.s3.us-east-2.amazonaws.com/profile-image-8018700-0dd5ad19-6f15-4939-a37d-dfcc5b4f12db.png,68819.814,203,2.4341990079403883
860,0x6bab41a0dc40d6dd4c1a915b8c01969479fd1292,Dropper,DropperPM,False,396635.27683,18281.415684783984,https://polymarket-upload.s3.us-east-2.amazonaws.com/images_0a57a0c2-437f-41be-9ab8-5376ab6f3ca7_1726693550341.jpeg,242330.09389999998,1724,4.609124995359275
865,0xa66790e2b0075e73c3781ddaf1d0b875a3aaceb3,Elias.Thornwell,,False,807762.2873850004,18101.558643438046,,317104.8383,23593,2.240951196426725
866,0x7056f248c5098cce2fb0a062cdd2ab0f8318c95c,denzeldumfries,,False,194171.17012599998,18085.528039721983,https://polymarket-upload.s3.us-east-2.amazonaws.com/profile-image-8683143-f37f848c-b1b3-4b00-b47c-6ca17b2bbc89.png,18603.629500000003,132,9.314219009951925
867,0xdf705353876ceb2549f0c03ffcb4cba33d785e92,AngryRhino,,False,647085.4105499999,18070.648858850967,https://polymarket-upload.s3.us-east-2.amazonaws.com/profile-image-4406231-fbdbe26a-7782-41ed-b4b6-294a8e6caea2.png,291620.7321,310,2.7926218956924944
896,0x01309d49fd508ba7b2379967bdc7197e5b47274c,Fulgurator,,False,110138.024431,17261.105153621495,,76988.80699999999,116,15.672248746785309
898,0xec69a92f43b04879c63edd5f12761c84ec17cbe5,Voz,,False,4450.142967000001,17221.061107531503,,34093.6124,393,386.97770465430307
910,0x1693c3c84ab70ccd6949cbb5d54867a1861b5d20,TheFOMCGambler,,False,66699.31,16786.334317535995,,24892.7128,211,25.167178367416387
913,0x8a9777a7d3079e208afc08de2ccdf744de78593d,1881aa,rKkgHq4YDAraV2P,False,1108027.7918610002,16703.753606208487,,27198.3007,838,1.5075211767164716
922,0x11f8a22001686b0e40687c4c37c91e3428a0ed31,dedidanc,,False,259744.17756400013,16492.755351265492,,54299.071099999994,294,6.349615035047987
947,0xb89f5425341719d298dc2f5b9a92374f5fde1c44,iutwpfal,OxyPredicts,False,144201.826291,15980.334700529009,https://polymarket-upload.s3.us-east-2.amazonaws.com/profile-image-5049500-da4fdbbb-d0f2-40f6-890a-1308771300f6.webp,25921.6755,1151,11.081922546723238
948,0x38f50488b14a87769e0c5cd6c514b6c2e8ec6824,smellyEllie,,False,480921.65052499983,15938.502349271494,https://polymarket-upload.s3.us-east-2.amazonaws.com/profile-image-640614-81fabc8f-6c99-479e-8452-704a69ca14e8.webp,52163.6843,3207,3.314157790956629
960,0xde0a3c61ef2c9d98794e388274857d45f904f102,473game,,False,407695.60769999993,15756.309995184507,,70000.0,1151,3.864723999376192
968,0xfde17cffbbbeec78f9f89d0df4d08fe7ab1a3690,mpstire-lutuwar,,False,186003.97606199994,15651.088191872504,,20737.878200000003,209,8.41438367245203
969,0xa7d2ec6680f4e5f6ab0da244d8006eec3e20f954,KiruaTrading,,False,134320.31137800004,15579.937238864997,,12176.181800000004,752,11.599092556464093
971,0x83e055eb6e91fdbd850aff56ad2ac0f50cb2bbe7,kegli,,False,133860.98660499998,15565.838701521996,,13410.785900000004,179,11.628360955872843
976,0x41eacf5aaa4c7fc883a098635b981050715d7a3d,Chungvicular,,False,455690.630156,15348.643117027008,https://polymarket-upload.s3.us-east-2.amazonaws.com/profile-image-2846179-abd7a1d7-3acb-4ea5-90ae-37f860d477ff.webp,59349.082700000006,190,3.368215649238298
987,0x879247bf7570a40d193dd3bb9118820e0b194174,Ko-san-123,,False,296070.623646,15274.422003666508,,91300.29109999997,826,5.159046789434109
989,0x3afef976a5d031b351da42c0ad0ff1f13c1d01d4,Johnsansculotte,,False,124401.67981699998,15215.553944238,,20145.100300000002,104,12.230987528963201
997,0x66ad4221d66358ab9867f6d8cae73ede08e5cc4e,Marioy,,False,53560.104607,15014.80558524203,,133681.9046,463,28.033562845729914
1000,0x6bab66c4bb24c96ed14dcca0f0979b38a6830fe5,0x6bAB66c4BB24c96Ed14dccA0f0979B38a6830FE5-1760703674960,,False,319340.923331,14985.304572205481,,169873.60129999998,402,4.692572569746429
