rank,proxyWallet,userName,xUsername,verifiedBadge,vol,pnl,profileImage,active_balance,trade_count,roi
2,0x03e8a544e97eeff5753bc1e90d46e5ef22af1697,weflyhigh,,False,6232423.630557,1017161.4737311102,,1440874.6631,247,16.320480346426727
3,0xc2e7800b5af46e6093872b177b7a5e7f0563be51,beachboy4,,False,3136903.474688,815824.0741662611,,10422.8436,135,26.00730563593143
4,0x96489abcb9f583d6835c8ef95ffc923d05a86825,anoin123,,False,5234718.905786999,810636.3600094056,,5096510.971200003,207,15.485766754605383
5,0xd0b4c4c020abdc88ad9a884f999f3d8cff8ffed6,MrSparklySimpsons,,False,4412159.143843999,646688.8731033623,,62058.160200000006,833,14.656970703462624
6,0xbddf61af533ff524d27154e589d2d7a81510c684,Countryside,,False,4445798.912370001,645544.8239224184,,290473.27090000006,321,14.520333389939275
7,0xe90bec87d9ef430f27f9dcfe72c34b76967d5da2,gmanas,,False,28980338.899541005,453425.4550467544,,1065013.9015000002,3884,1.5645967999840602
8,0x492442eab586f242b53bda933fd5de859c8a3782,0x492442EaB586F242B53bDa933fD5dE859c8A3782-1766317541188,,False,12145384.604874,382181.097776426,,1943956.9751999998,753,3.146718775978942
9,0xead152b855effa6b5b5837f53b24c0756830c76a,elkmonkey,,False,5488310.245390999,342956.2701443068,,636752.2386000005,7085,6.248849915733469
13,0xf705fa045201391d9632b7f3cde06a5e24453ca7,0xf705fa045201391d9632b7f3cde06a5e24453ca7,,False,4308530.424973,246051.2012212195,,1702389.8219000003,1076,5.710791777053807
14,0xee613b3fc183ee44f9da9c05f53e2da107e3debf,sovereign2013,,False,17480564.054460004,236687.4853599989,,595660.7801999999,24617,1.3540037073323745
15,0xb8e6281d22dc80e08885ebc7d819da9bf8cdd504,ball52759,,False,2341998.723928,229938.9141997018,,28218.311,217,9.818063171872627
16,0x3b5c629f114098b0dee345fb78b7a3a013c7126e,SMCAOMCRL,,False,5747421.785612,226185.01764952423,,172363.2793,986,3.9354170632778693
17,0x1979ae6b7e6534de9c4539d0c205e582ca637c9d,0x1979ae6B7E6534dE9c4539D0c205E582cA637C9D-1769439463256,,False,17540199.24366103,222334.46595442708,,97883.29800000001,2132,1.2675709258820307
19,0xaa075924e1dc7cff3b9fab67401126338c4d2125,rustin,,False,3016692.3623169987,205284.7885454177,,141617.78060000006,568,6.804962650806952
20,0x90ed5bffbffbfc344aa1195572d89719a398b5bc,failstober,failstonerPM,False,3081095.775292,205274.16085272466,,331420.9485000006,583,6.662375201019856
22,0x13414a77a4be48988851c73dfd824d0168e70853,WOMENBESHOPPING,,False,1755380.330773,196650.4937532985,,231192.46890000004,1247,11.202728565763378
23,0x07b8e44b90cc3e91b8d5fe60ea810d2534638e25,joosangyoo,,False,6494158.485752,187265.3916474326,,329449.5708,174,2.8835974985563966
24,0x58776759ee5c70a915138706a1308add8bc5d894,Donghui,,False,11434599.719367,186609.0567716139,,216520.88129999998,242,1.631968423481852
25,0xafbacaeeda63f31202759eff7f8126e49adfe61b,SammySledge,,False,1338874.5283499998,179711.5450352009,,355581.6083,1430,13.422583015054707
27,0x1461cc6e1a05e20710c416307db62c28f1d122d8,0x1461cC6e1A05e20710c416307Db62C28f1D122d8-1769439228231,,False,8682137.023869995,162623.78526103043,,712062.9776000002,251,1.8730847579798058
28,0x0ea574f3204c5c9c0cdead90392ea0990f4d17e4,0x0eA574F3204C5c9C0cdEad90392ea0990F4D17e4-1769515653156,,False,7797817.3230110025,151341.69964639255,,13828.070199999998,2239,1.940821301363269
30,0x689ae12e11aa489adb3605afd8f39040ff52779e,Annica,,False,4531040.067748001,148661.28223031858,https://polymarket-upload.s3.us-east-2.amazonaws.com/profile-image-3285726-6228364d-2bca-43fb-9add-a2fb14aa18e0.jpg,33336.025400000006,1442,3.2809527174233444
31,0xbacd00c9080a82ded56f504ee8810af732b0ab35,ScottyNooo,,False,4365212.0361,147767.0022735885,https://polymarket-upload.s3.us-east-2.amazonaws.com/profile-image-2861114-c1c15cef-e455-4932-9b26-66ad799b1a4a.webp,1448160.837400002,2037,3.3851048025059414
33,0x090a0d3fc9d68d3e16db70e3460e3e4b510801b4,slight-,,False,1093418.6351830002,139879.41574763024,,1021174.4619999999,711,12.79285090327908
36,0x2537fa3357f0e42fa283b8d0338390dda0b6bff9,herewego446,,False,2134532.657598,133285.1520320975,,187577.01020000002,120,6.244231099377226
37,0x7744bfd749a70020d16a1fcbac1d064761c9999e,chungguskhan,tenad0me,False,1743386.312517,124700.68015676423,https://polymarket-upload.s3.us-east-2.amazonaws.com/profile-image-4137903-3462a0f4-b385-4741-8706-e68492c2d844.png,730880.5295,346,7.152785315649784
38,0xc31d0a0d63d760d72a1236d16beaa6a71c854ebe,Lugh-do,,False,272009.849254,119129.77233576731,,295845.77290000004,221,43.796124538315944
41,0x2c335066fe58fe9237c3d3dc7b275c2a034a0563,0x2c335066FE58fe9237c3d3Dc7b275C2a034a0563-1759935795465,,False,897461.056782,107547.1183483096,,186803.965,2185,11.983485805382816
42,0x8f037a2e4fd49d11267f4ab874ab7ba745ac64d6,Anointed-Connect,,False,1678530.64901,104117.88744938234,,105290.0402,1199,6.202918457925759
43,0xe60a9b0be459d9849bc2339dac20517639ae6a47,0xb7511d7b0dcb75ffad0507cbac7223653d08915,,False,9005468.284528999,103170.8993532306,,566307.9188000002,14134,1.1456472455793743
46,0x5c3a1a602848565bb16165fcd460b00c3d43020b,CoryLahey,,False,777045.3703040001,92125.5005303175,,395243.8802,238,11.855871491039917
47,0x9c16127eccf031df45461ef1e04b52ea286a09cb,Vanchalkenstein,,False,245109.65546899996,90030.65464145227,,64925.0779,698,36.73076626426038
48,0x80762f2055333533c2d02140a6c145755e8570b1,user6310,,False,319645.468279,89710.06304200615,,54953.65340000001,326,28.065488781997505
49,0xdbade4c82fb72780a0db9a38f821d8671aba9c95,SwissMiss,,False,2805351.4820640003,89436.41606299867,https://polymarket-upload.s3.us-east-2.amazonaws.com/swissmiss_8da75aa4-05e7-444a-b87a-da4d38d2bb08_1741939822531.jpg,1747962.1436,734,3.1880645485890065
50,0x14964aefa2cd7caff7878b3820a690a03c5aa429,gmpm,,False,2442949.021007,87667.88029201067,,941329.2146,769,3.588608666744645
52,0xbaa2bcb5439e985ce4ccf815b4700027d1b92c73,denizz,denizz_poly,False,1386451.5566060003,83643.89681560814,,611960.0022999998,625,6.0329476653599325
53,0xf0ca28d5b0141f0a8e7b251dea80fd881cb166ed,Hauchn,,False,333342.92977999995,81874.70313042116,,116690.2382,113,24.561703823883985
54,0x14964aefa2cd7caff7878b3820a690a03c5aa429,gmpm,,False,2463673.0578450006,81831.17489560795,,941329.2146,769,3.321511132941742
55,0xf1528f12e645462c344799b62b1b421a6a4c64aa,phonesculptor,,False,819398.5963350002,80290.31916153742,,225991.76440000001,444,9.798688882390005
58,0x2fe8abfbadf9dd52bb5524d76e70a7f1dcc13549,0x98ksa2K15s4m912kal,,False,682723.212214,73619.8093003167,,13720.1742,175,10.783258571445863
61,0x1d0034134e339a309700ff2d34e99fa2d48b0313,0x1d0034134e339a309700ff2d34e99fa2d48b031,,False,6669999.79321401,72117.09132414426,,15731.9324,1578,1.081215795501455
62,0x8c0b024c17831a0dde038547b7e791ae6a0d7aa5,IBOV200K,,False,1556266.3049479995,71283.17536771997,,201211.04599999997,1372,4.580397014385131
63,0x80762f2055333533c2d02140a6c145755e8570b1,user6310,,False,319645.468279,69381.63284797671,,54953.65340000001,326,21.705808382497544
64,0x01542a212c9696da5b409cae879143b8966115a8,0x01542a212c9696da5b409cae879143b89661,,False,769425.153136,68861.33023474849,,53361.6923,961,8.94971134672236
65,0xec981ed70ae69c5cbcac08c1ba063e734f6bafcd,0xheavy888,elucidxte,False,1571214.105534,68786.73788041096,https://polymarket-upload.s3.us-east-2.amazonaws.com/profile-image-676309-f2f67538-7038-46ab-98e3-8ce979b9f0b2.png,136946.273,2257,4.377935358277145
67,0xb55216ed55337cf9443139e4e5cace56426694a8,KirksCousin,,False,1513297.861626,66086.43845778366,,112847.1736,2455,4.367047633753706
69,0x160bf4f27cdaaaed1408ccd1558ab30c210d4296,mortewfenloin,,False,901869.5804539997,65480.02299725766,,51576.5093,783,7.260475840009498
70,0xb7f55b6d32c2ee3768192d676cd66354f51fc669,cassiuswinston,BagCalls,False,1098887.5426770002,64421.46974186703,https://polymarket-upload.s3.us-east-2.amazonaws.com/profile-image-3399371-4b9955be-ed0b-4efa-9e0f-a763808a98c5.jpg,48408.5097,2479,5.862426066358881
72,0x6c979ffcc3528a5d2395a2f7c89135711da0988c,7G-MAN,,False,6357191.380768999,64371.86605097179,,13077.666399999996,419,1.0125834223852646
73,0x448861155279dbf833d041b963e3ac854599e319,Flipadelphia,,False,1567169.2493270002,64231.17018609418,https://polymarket-upload.s3.us-east-2.amazonaws.com/GmWiOA_a4AA8HzJ_66399cf6-f1c5-4b47-97d0-e42c0108276c_1742354172099.jpg,640704.081,2290,4.098547123335747
75,0xe258a1d0b72a40d6ec8f4ac9432a4275ff092330,mmmmmmh,,False,422362.677464,61566.21926247938,,24004.901700000002,223,14.576623965010963
76,0xc851cd9bee7d262afd78674f861f9f576a12cd2a,betwick,Betwick1,False,575398.028758,59658.235383110834,https://polymarket-upload.s3.us-east-2.amazonaws.com/profile-image-2835834-27ec2eae-6cb7-447e-b5f7-9eaaacaa1e88.jpg,574360.5081,576,10.368168189919503
78,0x0fe40e887acbd0022f89d996acce26ab428501b7,gobblewobble,,False,2132920.980968,59403.8762720292,,287265.5664999999,219,2.785095031747003
79,0xf2f6af4f27ec2dcf4072095ab804016e14cd5817,gopfan2,r_gopfan,False,716101.3695680001,58290.01305226359,https://polymarket-upload.s3.us-east-2.amazonaws.com/rus_gopfan_1695145206069_a77285ef-7ff0-4f2f-a789-8a42bcd1022e_1724208223999.webp,530573.1072,1673,8.139910846341209
81,0x62764005c3f58450d21da9984f6eab56cf3c2dd9,0x62764005C3F58450d21DA9984F6eab56cF3c2Dd9-1765423921985,,False,1598605.8200809998,56874.32317628927,,1070515.3375000006,290,3.5577452841631407
82,0x4b9fab56e4c9a96ffdd393e85db9d91b5e83e125,liuiam13,,False,544965.1015079999,56740.43287490097,,105803.5094,212,10.411755306512601
85,0xe6a3778e5c3f93958534684ed7308b4625622f0d,0x2E9821aF10fnztro1,,False,1588013.8968449999,55945.87274540943,,313967.1061,298,3.523009015006756
86,0x1ff26f9f8a048d4f6fb2e4283f32f6ca64d2dbbd,cozyfnf,,False,3132068.4550019987,55670.99528101389,,88242.2362,104,1.7774514216669115
87,0x5e88b0e78db6a302d763fd8f85e8e7a20c095dda,k3m7t9qx,,False,1053647.5328099998,54932.27548603363,,32180.137000000002,193,5.213534296382143
88,0x5188fa0e8a77e87bc6a58e6781fdfc4e165cc804,AllByMyseIf,,False,295057.14952299994,54357.55820998647,https://polymarket-upload.s3.us-east-2.amazonaws.com/profile-image-3063734-5d789c1c-92ea-4bf2-a4f6-9ecc42977b56.png,61151.0142,896,18.422721936364823
90,0x7671deab19823bf122b81e1060c553b4c33e7244,Mark0Polo,,False,841729.45078,53931.0247871633,,17125.0,170,6.407168566715514
91,0xf7f0b0b1e9c0fe02ccad926916ee31aef74b912c,Rock.San,,False,214539.19830999998,53730.73144683543,,45874.77119999999,20130,25.044715310810854
92,0x99e42eb9038705165b22f821e27659c1dc41e4c4,acorp,,False,367862.59516700014,53478.382922326564,,11790.000100000001,404,14.537597359701318
93,0xe24838258b572f1771dffba3bcdde57a78def293,redskinrick,,False,1271765.3715470002,53469.97254312958,,127648.8337,529,4.2043897199439915
94,0xc44f432b014f36679e13615f95996eac32bbd49f,Zywoo123,,False,799309.079609,52958.548863915,,34900.664600000004,190,6.625540759504554
95,0x498c01c9843760921a181ad8df30b0026f9e42bf,LewieV,,False,538459.1589949998,52699.41298686274,,72247.28510000001,236,9.787077089601908
96,0xebc0df15e665da95bf819105b723ae90042ffa41,EdwardLewis,,False,444913.03913400014,52672.75846333653,,102931.475,18190,11.83888846365602
97,0xb619ed5b378053f8309c307d2f7adf9c13665068,tnl,,False,64663.417144,51836.66445274667,,69575.79400000001,109,80.16381865083123
98,0x067f7f6e3d5363f1cf962499d1be2ca6de8be041,SappySeal67,,False,2393353.9421860003,51743.05421019753,https://polymarket-upload.s3.us-east-2.amazonaws.com/profile-image-843636-6aed00e5-4eae-4015-beda-a98200da8250.png,202571.73829999997,5071,2.161947436948559
102,0x095dcfb123a4bc035ee6b0d624bab0cc964352cf,Contrarian - 7451,,False,2907699.3853420005,49653.03647118623,,1604190.3821999994,372,1.7076399548554464
104,0xe72bb501df5306c75c89383d48a1e81073fbb0a0,norrisfan,BitalikWuterin,False,404741.543827,48755.458145570956,https://polymarket-upload.s3.us-east-2.amazonaws.com/profile-image-4779007-3abe2159-0729-4850-868f-cc716f041ad1.gif,61717.978800000004,259,12.04607208950378
105,0x4bbe10ba5b7f6df147c0dae17b46c44a6e562cf3,How.Dare.You,,False,558897.3451349998,48360.31297334908,https://polymarket-upload.s3.us-east-2.amazonaws.com/profile-image-1746015-41deff2e-c5e1-47b9-86e9-4d36bda03566.png,1268563.6599000006,1131,8.65280778202083
106,0xecfce3118f6f085a96c7d1a8bee42af34cb9cd05,lionss,,False,1454001.9058019998,48314.25632815555,,123634.91080000001,1946,3.3228468364012445
110,0xecaa8806a9a05049d7d5260a33dc924220e377a9,Melody626,,False,140870.369195,46953.11274162508,,533405.3434,686,33.33072313925022
111,0x37e4728b3c4607fb2b3b205386bb1d1fb1a8c991,SemyonMarmeladov,,False,625685.490684,46499.78236467401,https://polymarket-upload.s3.us-east-2.amazonaws.com/profile-image-102792-ee6f6ac0-da9f-45fc-bd69-173d5ddd17cf.jpeg,17134.551,1437,7.431814075445541
112,0x0b9cae2b0dfe7a71c413e0604eaac1c352f87e44,MCgenius,,False,671181.9357809998,46253.920575772514,https://polymarket-upload.s3.us-east-2.amazonaws.com/download_c4a21628-4a36-4445-b16d-82fa38aa7293_1738817589255.jpeg,4355780.1539,440,6.8914132085439075
113,0x4ee29e4e7d4c380babeae5e22e5c02400c2246e1,IH2P,,False,1907128.2846329997,45763.317096710554,,196296.8836,12299,2.3995930145578575
120,0xde0463ea7f611b065e8ab06bbfbddad75e6dfa37,mwenya,,False,2144248.693804,44330.795072036046,,235364.62500000003,15152,2.067427868797769
123,0xab19716584931d81cd9e7763402673a64baa4876,SlenderMan,,False,3270237.353355,42619.141076315726,,454400.17819999997,310,1.3032430515354467
124,0x72b40c0012682ef52228ad53ef955f9e4f177d67,nz7,,False,1120592.3102909997,42408.09789682402,,117084.9207,359,3.784435919055283
128,0xd6966eb1ae7b52320ba7ab1016680198c9e08a49,EIf,yElff_,False,491975.783023,41649.86236249172,https://polymarket-upload.s3.us-east-2.amazonaws.com/profile-image-2970187-7a242ca5-ce20-4cbd-a772-b93edd01736c.png,148805.98870000002,1594,8.465835880491822
130,0x3471a897e56a8d3621ca79af87dae4325977f17e,xytest,,False,928553.3165000001,41524.99307000109,,83477.3024,127,4.472009558537944
131,0x7523cafcee7bcf2db9a79d80e0d79b88a9a54c4c,DonaldinhoTrumpito,Ragnarok_1er,False,659912.8944780001,41071.73999421092,https://polymarket-upload.s3.us-east-2.amazonaws.com/Donaldinho_94ac17c3-c2a3-4c98-afe1-f23770d0784d_1721814915831.PNG,453294.00659999996,1561,6.223812314911532
134,0x9fad8308ef6b6ed5320e53a290a3bd4ad91f5a9f,Dingwin,,False,1088154.7365009997,40828.27100846022,,83051.2712,4405,3.7520648156846685
136,0x0c0e270cf879583d6a0142fc817e05b768d0434e,The Spirit of Ukraine>UMA,,False,1525588.0198589999,40627.18218750533,,454029.9287999997,947,2.663050683320143
138,0xe7a2052a8b7c6b865e3eb3d16300a4db7432ae70,TheOneto3,,False,1039982.939281,39772.803348918664,https://polymarket-upload.s3.us-east-2.amazonaws.com/profile-image-5455091-ecf36939-f72d-464d-b22e-abf324c4719e.jpg,18190.776099999995,121,3.8243707513525065
140,0x3d6d0a9bc54077dc674b2ba2af01ff41f0490a6c,AmsterdamTrader,,False,314211.413586,39553.750963640945,,34755.0884,108,12.58826040474658
149,0xff80bb23621f03fc6300808730316c78abe09b4d,Zenhack,,False,947588.7200420001,36747.374046410565,,25155.344399999994,428,3.8779877038618413
151,0xaca23974e2b8131efbafaa1fe03ea9595ea0b9a1,ellio8989,,False,339438.169785,36018.355280963064,,20637.894,918,10.611168244212806
164,0xc6587b11a2209e46dfe3928b31c5514a8e33b784,Erasmus.,,False,66309.8885,34840.22499550099,https://polymarket-upload.s3.us-east-2.amazonaws.com/profile-image-642445-92826f3c-3576-4719-880c-027883552860.png,886680.9526000001,654,52.54152251439993
165,0x9f138019d5481fdc5c59b93b0ae4b9b817cce0fd,Bienville,,False,891842.7340780002,34804.86406751571,,112142.28850000002,1570,3.9025786428026996
166,0xba414f88e2275cb5b9de1f48ff381c3e759d5f4f,reeeeeeeeeeee,,False,654950.1306649998,34732.76917184962,,36752.6927,267,5.303116610814919
170,0xa6a856a8c8a7f14fd9be6ae11c367c7cbb755009,lhtsports,,False,1425856.762461,34424.49751938949,,87543.1334,10482,2.4143026442553395
173,0x3a613cdb8f00f7afe0196cbbb91bdb597383b560,0x3a613cdb8f00f7afe0196cbbb91bdb597383b560,,False,1010270.5435590001,33907.9807480546,,44574.1774,639,3.3563267744700274
181,0x7e3a1f95c558f39a51ff334d789e3e039b553246,KaneAnalytics,KaneAnalytics,False,470139.783828,32089.441165801683,,30109.179099999998,161,6.8255106820616485
188,0xf0d9af9effd0b4a039899901ba19a05ea1a3e4ee,polywog,,False,90000.0,31263.564420641706,,331782.6467,215,34.737293800713005
192,0x777fae71d2ff9ec48a1213d48ba1d9d91024a1bb,Albert 1953,,False,253539.044575,30648.316135610232,,90193.71980000002,2631,12.088203687516884
194,0x852308055de0cd7f31d2ccce9d55116ea2741c9f,ruslan2019,,False,60695.367474,30551.598477531974,,61349.9439,150,50.33596425727107
195,0x1223987eb4bf8564a932f43e3cec9f28b5ced424,blurp5185188,,False,69720.703996,30541.296029426103,,222480.14199999996,173,43.80520315913378
201,0x6b7c75862e64d6e976d2c08ad9f9b54add6c5f83,tcp2,,False,2089977.8895400001,29861.637424396235,,12319.720799999997,8579,1.4288015951675317
203,0x72348f5fd941ab5c08b4d4b9d11f9d700e421d85,Neigel,,False,189628.17739599998,29692.858961450416,,19533.455,412,15.658463509588504
205,0xcf6e295f9cc9767eb5579c83177fc87676d4b45b,Epstein,,False,534414.6462680001,29428.47253008406,https://polymarket-upload.s3.us-east-2.amazonaws.com/122610_3114_e105ed2c-21cd-4d84-88c3-2eab8d0ea4b3_1739324983404.jpg,172982.6127,305,5.506674028414664
207,0x8d362581a46300e5e3e314e245eaf26eea7668fd,szxkxjk,,False,558717.8181169999,28963.416823789354,,10873.7643,195,5.1839078484023196
211,0xdc09c0fdf3e8b550faaaa96e0e7c74ef938a9024,tjdlps,,False,1738931.4152410002,28637.737723890394,,284088.2748000001,273,1.646858379398561
214,0x1b5e20a28d7115f10ce6190a5ae9a91169be83f8,ButtersS,,False,51145.058453000005,28494.006371496696,https://polymarket-upload.s3.us-east-2.amazonaws.com/image_2024_12_29_223742223_3406c249-731c-4962-a066-d6a57adf6c76_1735504667231.png,29084.067,406,55.712139614976486
217,0xe3d4dee2427b98042822543f8e1e8ab7bafb2bac,swy01,,False,781503.3666349999,27717.146954439613,,12988.317299999999,2165,3.5466446003661134
220,0x18670d5a83b7b38d509398067c095d4c321992ca,Trapital,,False,374424.26965199993,27281.370395784477,https://polymarket-upload.s3.us-east-2.amazonaws.com/profile-image-1557189-60d16dc8-17fb-44f8-ae04-f7cd77d325f4.gif,41859.72349999999,2212,7.286218497839503
226,0x8566686d47faa8983ab378bbc73006438c35c626,weixiaonianhua,,False,341419.86042999994,26609.235290824763,,24573.2886,230,7.7936987196093
227,0xc49fe658479db29e1a2fefebf0735f657dca9e05,eroticnovel,,False,429630.524294,26523.2107528669,,28371.0996,678,6.173493095364153
233,0xa2f1fecf1cc7db65a46588f764b6691533052d22,elPolloLoco,,False,933145.2474600001,26140.051863172914,,59614.4653,3404,2.801284358927566
238,0x14ac84b66a27fc30e56ed620ebfa61cd8105cb21,AllGG,,False,579354.169096,25601.730383006376,https://polymarket-upload.s3.us-east-2.amazonaws.com/profile-image-3443845-f84b50f4-c7e1-4936-be61-7dfc17a76c6a.jpg,54232.687,1170,4.419012022120121
242,0x9c42eb8b88cf9c1d267e905b6904aca205f2da3c,duongnplibn,duongnplibn,False,115200.77923900001,25150.986277655007,,12324.6167,164,21.83230568733897
245,0xcc8f0e3bd33b98eb19a0c122397b6ce69cffa7bb,ACEE123,,False,469200.78842299996,24988.49413245505,https://polymarket-upload.s3.us-east-2.amazonaws.com/profile-image-2709786.jpg,25969.780000000002,413,5.325757063717272
247,0xf28e42d20e4826f2b10a24bc952001697947cab2,ethanaz,,False,272318.130654,24762.980461912473,,13241.7251,286,9.093401310607426
249,0x25dcf4635fe93082e0849fbbf81c95680cf5e33b,XieGuangKun,jaygo_jiege,False,214581.26856700005,24495.758855324395,https://polymarket-upload.s3.us-east-2.amazonaws.com/profile-image-589174-b61fa353-5d23-4c4e-a044-48f7c33b959b.jpg,163281.21439999997,942,11.415609115795645
261,0xad89f899f1524533adfd1e6a07da692fcd92f6e1,PurpleTrain,,False,297405.19492199994,23319.26248113483,https://polymarket-upload.s3.us-east-2.amazonaws.com/profile-image-2856325-68fa83b3-976c-41e4-8dbc-1bd61ac30a4f.webp,20980.37,2128,7.8409062381209385
262,0xbace5a5a9e309d69164dc81788d353fed8d43429,kitten147,,False,131575.73551899998,23304.592305506492,,63917.94089999998,111,17.711922501197975
267,0x6884705f262c7a067fa677ea66eccd9285e16ccf,hardon,,False,170672.93391999998,22872.039293677994,,16503.7022,881,13.401093406174686
273,0x7960f86f8f43d8830a16de52537c35ae1b92b94f,percyyy,,False,491848.22688199993,22683.804112305734,,80987.3433,140,4.611951995050669
274,0x94fa5631048f10e7e6d30a669b0a5020781b989e,0x94fa5631048f10e7e6d30a669b0a5020781b989e,,False,87479.35474999998,22648.732552695634,,10257.841300000002,949,25.890374497413216
275,0x256bed3a9c3ab62183c16b802c4cbe3b11aecd5d,2800freebz,,False,615772.9921269999,22630.134844353757,,18120.732799999998,814,3.6750775259215023
289,0xaf9e007c74c34d0813e7b49f76cb7d8ff435a250,fatducky,JoeyChipo,False,722611.601253,21927.361922917233,https://polymarket-upload.s3.us-east-2.amazonaws.com/profile-image-651329-e7dc4cfd-87f4-4102-86b9-8c54b108994c.png,68482.7935,144,3.0344602667457106
294,0x14333d20e95f39472970d2feff6c9c4c16fd56a0,theyseemeloosintheyhatin,,False,723046.2515100001,21783.76978607005,,51940.826100000006,546,3.0127768093088263
295,0xea2b4224411e723499a803ce3f4758779fb31fc6,Bethooven,,False,1104521.0853339997,21743.461256017792,,189870.2991,568,1.9685872496895536
297,0x8212525bb2d892eb760f4f188870f923de3d5933,Ohcrap,,False,137553.598266,21437.272186948758,,28104.990400000002,113,15.584668418119854
300,0xdd2dcebc3a85e8e7f986143446b13f91cb8e84e6,0xdD2dcEbc3a85e8e7F986143446B13F91CB8E84E6-1722519269441,,False,107835.07868300001,21131.677803622995,,56678.18490000001,100,19.596292840610097
305,0xe0368af7f5777989b927b7ad0d420562fee8616c,unwillingly-public,,False,264741.01006500004,20870.649030433422,,75148.3431,138,7.883421244524675
307,0xf5e15d3344c35890f1aa716dca88e13eb9065ad0,Bacc,,False,287513.0534240001,20700.50033845794,,43623.67469999998,843,7.199847134568385
309,0xe02c5438dfb907d5ac4cbf3967b45d14e4ed5d08,limaman,,False,357853.995193,20618.886278542745,,283589.9900999999,490,5.761815308900615
311,0xc1b399b26020a4f689108e9640fd3dc8ffc8501c,CoffeeLover,,False,203847.73104400004,20565.950714608945,https://polymarket-upload.s3.us-east-2.amazonaws.com/1000107329_f91a754e-d6ee-49ef-b072-ca2184a79538_1740655287998.jpg,71792.18100000023,1452,10.088878894693135
312,0xf588b19afe63e1aba00f125f91e3e3b0fdc62b81,RandomPunter,,False,896529.5997799999,20564.183201187217,,21283.4153,1733,2.293753960408388
319,0x020b3e1b425742b74b67723c5e0feb912665d13c,BlackPeopleDontRecycle,,False,133966.14795400001,20495.281868582133,,301991.085,166,15.298851375214284
320,0xb84a0da40c1d2c1d28413166905a1311eb7d055d,maldinifi,,False,272802.68052299996,20479.618688094022,,18903.0513,107,7.50711783653731
324,0x68c24bf4a8ad4d79a6fe4b8eec6f93a02dfd1711,mombil,mombil,False,500906.416802,20298.76859960356,https://polymarket-upload.s3.us-east-2.amazonaws.com/images_d4a56771-49fd-42ed-8b25-8a8a9d19e06c_1721385750911.jpeg,366185.9722000003,2030,4.052407379645793
326,0x44c1dfe43260c94ed4f1d00de2e1f80fb113ebc1,aenews2,,False,1319562.5022579995,20030.09920568704,https://polymarket-upload.s3.us-east-2.amazonaws.com/profile-image-154436-a84dabd0-06ee-40d3-be95-e454283cdfc0.jpg,719397.438,2307,1.5179348588196524
332,0xdfe3fedc5c7679be42c3d393e99d4b55247b73c4,cqs,,False,247023.30751000004,19652.777923604044,,1053540.8561999998,290,7.9558395204502945
342,0xac9b386454ed02ef205e0ebd189d8864fd02d4c5,tryingmyluckhere,,False,84481.29814,18807.191960145978,,105219.89129999999,289,22.26195900657118
343,0xfa8fc6a3e706bc4aa7556d060564c154322ad61b,singaporesling,,False,187850.948646,18788.631469429856,,248765.75799999997,566,10.001882665408585
344,0x8165e4d3801ade1ff0fe129061ba93eb0abef688,pizzaoven,,False,232657.19465000002,18740.8860306423,,22288.0213,153,8.055150006788022
345,0x5739ddf8672627ce076eff5f444610a250075f1a,hopedieslast,,False,165750.09499699998,18573.398809177626,,199286.02710000004,100,11.205664050758944
346,0x80cfde69b422804c9776e9526891aa48d174427d,Dustybeermat,,False,182464.55472399996,18530.074379284313,,10068.938900000001,719,10.155437809449253
347,0x2aa13994496b2c84268afff01687122de4abc691,alphatips.Channel,,False,185101.961143,18381.34519576534,,40384.733799999995,166,9.930389220222732
354,0x41b48b4145d568604106d4a78bd333a8c974de82,anon333,,False,291991.98661,18115.378292817564,,16005.250600000001,837,6.20406693455373
359,0x972bf37cae72a169e17ae0e6179821d5778b78ba,Kahnemaniac,,False,1407958.8886809992,17820.479149273408,,14343.5398,7373,1.2656959867605189
363,0xe899b5ea69afb161da7a35597b6fe70398860899,SlavaUkraini,,False,1078749.3839419996,17702.08540754323,,14306.9741,224,1.6409822031930823
364,0xdf17f4a8dd01a4cfa6fc3da323a2baee5f8697d1,davisb12,,False,813173.5333540001,17694.962951143087,,176233.15439999994,329,2.176037736761891
366,0x5bc4d9addd8597eb34e255d97cc194f4d78bf44f,0x5bc4D9adDd8597eb34e255d97c194f4D78Bf44f,,False,134855.87885199997,17628.510141040137,,23854.3723,2522,13.07211097588624
374,0x17a89c0a76b163276b77a7a85ef5079f7e20e61f,sorcerer.09,,False,419425.58618499996,17256.888176836823,https://polymarket-upload.s3.us-east-2.amazonaws.com/profile-image-4421220-e9d07bb4-0d20-4614-9a30-d58234635173.png,139705.58690000002,119,4.114409980039979
376,0xd426adbc3c4461c86099c26221c877f20e42334a,881112,,False,250288.02167499997,17167.887620443293,,18138.3335,489,6.859252594491264
378,0x19974ce5980bae3d4c4d1a67cfce60c655492e36,0x19974ce5980baE3d4c4D1a67CFce60C655492e36-1760671412706,,False,364364.83724,17154.192610768376,,162412.17069999996,322,4.707971477354508
388,0x35ac8a75663d916ce8b9dcd33e443fb700b792a7,gagabets,,False,389636.49329699995,16726.202560687503,,47650.455,360,4.292771043891409
390,0x969fae0a3a93778adc42178f72c612ed8c4e4d55,superstonksbro,,False,664104.0655330003,16649.55036043228,,98519.7377,1403,2.507069482712712
391,0x6b9088be3898f1bcb7add8a174bdf1c7295c2194,banepir,,False,197804.332218,16621.118713974596,,17922.947699999997,218,8.40280823357118
392,0x30e443872ddf63b2908a49f92cd690c304a55102,truthteller,AbrahamKurland,False,756176.8074239998,16533.259402207597,https://polymarket-upload.s3.us-east-2.amazonaws.com/truth_43913_1719028379768.jpg,40011.008299999994,2290,2.1864277295848282
403,0xce66940dfe6dc18bc151d66d52a66eb2121bcc64,cynical-reason,cynical_reason,False,554899.346575,16143.199645655179,https://polymarket-upload.s3.us-east-2.amazonaws.com/profile-image-3227026-15fbe647-dd76-48c2-9609-14a2a97f2eeb.png,460564.63479999994,269,2.9092122283609987
405,0xe041d09715148a9a4a7a881a5580da2c0701f2e5,Lkjhgfdna,,False,914344.7974679996,16114.139520939236,,36000.0,5923,1.762370121814271
406,0xcd71fd5370880f3d92bb941e628c05840fe0d127,Kevindoto,,False,1050641.5244500001,16106.09921609298,,446485.90390000003,489,1.532977599045912
411,0xdf705353876ceb2549f0c03ffcb4cba33d785e92,AngryRhino,,False,131101.21394,15790.84894896358,https://polymarket-upload.s3.us-east-2.amazonaws.com/profile-image-4406231-fbdbe26a-7782-41ed-b4b6-294a8e6caea2.png,333102.0777999998,116,12.044777065291285
413,0xecb14ac6e9ca447ce2f2912e6217b43d7b655da3,SaylorMoon,FhantomBets,False,179105.31458,15700.628001283756,,190878.83539999998,1893,8.76614300256894
415,0x0224bb9eb0a5c9fd261ac9123a72cbdd5748292a,zb8,zb8zb9,False,324874.203532,15617.221302768869,,55550.24560000001,457,4.807159550675305
419,0x8f14e0b966a461840dbe042d42993009cfcb1e77,aleksandmoney,,False,147441.95763899997,15390.085137174006,https://polymarket-upload.s3.us-east-2.amazonaws.com/profile-image-1683563-d5713ab6-9181-48a7-be0a-90fac7a3f9e8.jpeg,11536.6423,602,10.438063481804425
421,0x9bbf8abf929eddbb4da10535cf4c02db33f4c59f,HandsomeLi,,False,788763.5897029999,15319.947416472809,,227178.39020000005,133,1.9422736567038246
423,0xdd5cc0a31573fc60a279577b80f00f27a32f0c2a,twe2nty,,False,233394.620796,15241.635108571352,,883277.0200000001,206,6.530414050070759
425,0x889e7f0464c72eb8cda1525ebc12b6aaba9d09e0,BowlOfPunch,,False,836779.886665,15031.061212011897,,1650709.52,1181,1.7962981007966667
429,0x3c593aeb73ebdadbc9ce76d4264a6a2af4011766,eightpenguins,,False,81031.242442,14999.385663288009,https://polymarket-upload.s3.us-east-2.amazonaws.com/profile-image-3223205-90ed180d-50ea-4735-9419-b575e44a71ca.JPG,20532.028400000007,345,18.510620362293185
434,0x6c16abad96d6989efe1b0333cb9af9158f548bfa,XPredicter1,XPredicter,False,1354426.363787,14860.038182635362,https://polymarket-upload.s3.us-east-2.amazonaws.com/profile-image-3213213-5636d1e5-92de-4ef3-a645-9a47d6647bb3.png,12439.619100000004,597,1.0971462591060641
436,0x08a46479e04468c75bf0839a58fd6cabdf8d5c3f,simon51,,False,33633.532836,14850.818675162038,,20003.8166,366,44.15479856836898
444,0x93392310b9c9ba5c60d64cc7bc46cd878116a56f,titan5,,False,243674.91227800003,14584.970329299122,,79528.3585,3013,5.985421393179634
450,0xa9650fe4301f45e7f090ada7252f9c1268183565,0xA9650de4301F45e7F090AdA7252F9c,,False,422636.02392000007,14359.05647321626,,31224.184099999984,46280,3.397499422797489
451,0x8717513a2f3936b09dde0a7da636a4da1b0b32c2,7777123,,False,78740.65412499997,14311.32987697962,,16934.564399999996,325,18.17527430526616
460,0xa49b6ea0a604c581f2a9569db42c192b1c487054,7zhfr68nhf568jgr346j,,False,316633.7424109999,13969.129845390666,,21121.869900000005,4790,4.411762858570621
462,0x052c6312a485d494f4b0b0bed1b834c09bd85a0e,9d08bccb97b035cc5e03ae,,False,59321.172159,13919.994074876788,https://polymarket-upload.s3.us-east-2.amazonaws.com/profile-image-1098620-7846ba02-98b6-46e3-ae22-b43de1169c68.jpeg,104267.46339999998,128,23.465473739404008
470,0xf18af4ede11048b8695d775f72ec5e7a236ee4e5,joseador,,False,401693.86183000007,13656.436870230751,,24611.165899999993,2800,3.399712609004282
473,0x40471b34671887546013ceb58740625c2efe7293,esports095,Frank3261939249,False,511388.910444,13566.069893407852,https://polymarket-upload.s3.us-east-2.amazonaws.com/profile-image-1612623-69a46f7f-2905-4f22-9d46-43d32df5e7d4.png,13851.1406,1469,2.652789220953084
482,0x7791392260b390c43d63f1058bfbc4ea8f37af80,Jiang2018,,False,289025.47627799993,13392.347777499288,https://polymarket-upload.s3.us-east-2.amazonaws.com/profile-image-1090527-7662d233-3c30-4f72-9632-bc11ca318a44.webp,45317.1036,131,4.6336219041873745
500,0x80ebf01c296b12a9b8309c86991b609907e55bfc,AcctToBeRetired,,False,684587.3444439999,12953.197820069057,https://polymarket-upload.s3.us-east-2.amazonaws.com/Pillars_of_creation___JWST__MIRI___STScI_01GFRYYRTCTMX197BY86MBFCR9_dc078867-96de-446e-b07a-51caedbf5de3_1734274105956.jpg,46204.64370000001,333,1.8921176275306744
502,0xa69b9933a2b7cdeeffaf29a119543f743c397b0c,Kishorwho,,False,38489.91242999999,12920.00342580746,,10533.942299999999,187,33.56724557195222
510,0x71ca04d689bc38c5e4dcda8a4d743f279c5a3501,Ronaldo2100,,False,163401.285072,12822.414184303088,,34181.7278,329,7.847192987896705
522,0x8f69269039b9a401de28a38c2f1c3001364b7df1,DumplingBMF,,False,275508.30315299996,12449.662631793879,https://polymarket-upload.s3.us-east-2.amazonaws.com/profile-image-512206-78b6ea6a-bec3-4c57-950f-26516d7ac1f3.jpg,197927.79389999993,1834,4.518797614923468
524,0xfb681e23db8d1cca8a6b7e2a70a29e000ddfa240,stakesroyale,,False,277762.983906,12437.941649198037,,44012.1598,265,4.477897477299302
527,0xac0a9aad817df58f1f37dad0ca0352e1c00cf89e,Brunoruno,,False,552476.4686980001,12397.022739806538,,63322.9292,349,2.243900589833649
531,0x3257501508b82c2f7aeb914088b6ed089f362f3b,sportbetss,,False,184161.99455,12291.752636037354,,11205.9672,736,6.674424148192065
538,0x60d18d444868e6eddd3bb7238efdcda591190c8f,xart,xarteth,False,53632.50620500001,12211.79525687614,https://polymarket-upload.s3.us-east-2.amazonaws.com/profile-image-70500-5e1f6b2f-20c8-4ac1-9a1b-abe1d8532476.jpg,36187.1556,550,22.76939140266704
540,0x5e0220909135c88382a2128e1e8ef1278567817e,gotigers,,False,80.0,12181.657553796002,,163537.11279999997,157,15227.071942245002
546,0xcd142d0d0d5f46b1536ab2f4cac13ed684e61c17,keannareeves,,False,64514.80646700001,12090.182317936524,,12456.0219,223,18.740166761750697
552,0x744c072005bde6ddab8764a7477f61d3d22ae37f,Egozic86,,False,26142.825576000003,11934.050012997564,,131288.9214,119,45.64942675497719
562,0x777d9f00c2b4f7b829c9de0049ca3e707db05143,CarlosMC,,False,83188.74099499999,11779.135959080071,,47366.0515,111,14.159531468072165
565,0x8bd8c81803ce2c7e884cc18406d92829d5c4f306,PredictaDamus,PredictaDamusX,False,95131.99462599999,11717.940262706232,https://polymarket-upload.s3.us-east-2.amazonaws.com/profile-image-3361299-cdc28a10-caed-4d4c-a2f0-7915a440f62c.jpg,41158.9646,490,12.317559732426412
566,0xfb5148fc7223630e0967dbfa8cd920d83ab4742d,StudentMoney,StudentM0ney,False,203465.044296,11707.228295954126,,99254.98329999999,660,5.753926103848337
567,0x05c1882212a41aa8d7df5b70eebe03d9319345b7,RedCaterpillar,,False,512044.95328899997,11696.202196586775,https://polymarket-upload.s3.us-east-2.amazonaws.com/profile-image-1497491-14517a8d-a18a-43e1-85e9-4df0d3c11194.jpg,19464.094899999996,8970,2.284213938924499
571,0xc5b5bbd42624a8f0c8dfa90221913007d8c77e80,Capman,,False,237833.72615,11652.163619312909,,10208.934600000002,6740,4.899289855957592
574,0x9ca119b8cd7bdb890aecf1ff3b0f6e3a45cc13b5,JoeBlack01,,False,190299.97349900004,11610.410292729135,,143819.27739999988,546,6.10110977907737
577,0x9604b357e8307b0ccc8eb5812725d2b112c6fc1d,Batundi,,False,2792.6099999999997,11577.866870914806,,165879.96790000002,117,414.58946544325227
591,0x29978facc899668e4972a6a21b73aff0a8bc6c34,shoumi1,,False,837544.2490709998,11424.290158411306,https://polymarket-upload.s3.us-east-2.amazonaws.com/profile-image-96718-ff546775-bd97-48af-b747-65aee2340086.jpg,39091.8112,745,1.3640222795491792
611,0xc7e53ac4a7c76d6df8b794de2e7d0794265d2d3a,LiquidatedDegen,,False,448411.5706079999,11147.965090888132,https://polymarket-upload.s3.us-east-2.amazonaws.com/profile-image-3553565-6352b076-798c-49f2-9f3e-69a79d1810cc.png,33804.63050000001,1315,2.4861011226299623
612,0xc9228fb6f7ea5da331a879e372b48db824452618,Wagienomics,,False,101580.35471799997,11145.088856666875,https://polymarket-upload.s3.us-east-2.amazonaws.com/profile-image-2916408-64a86922-2e39-4b52-8806-116cb8218228.png,12907.353799999997,1726,10.971697123530493
618,0xaaef789cc9037967f64f780d72f00d52277c472a,BryanPunishMK22,,False,161665.587513,11001.824270079216,,46597.086299999995,506,6.80529755239007
622,0x781caf04d98a281712caf1677877c442789fdb68,Avarice31,,False,437978.3914470001,10875.56028585229,https://polymarket-upload.s3.us-east-2.amazonaws.com/profile-image-2854986-312bc3b5-5fbe-4b0a-8ac9-76392b648c47.jpg,34384.655999999995,8132,2.4831271355469022
624,0x14b0a3270a36102734d81a77ec8167a0791d8d0e,bigpeter333,,False,61045.840641,10849.181208405766,,13449.7605,443,17.772187416023833
626,0xa051370fbcb5874ed0f0b6703870774ca48b54eb,RollsRoycsUmbrella,,False,230834.35475099995,10830.174246521017,,25465.697100000005,152,4.691751476162845
638,0xcd4b91ffb66511c20d92f9f8a257247b15408aa4,cryptopsychdoc,,False,121854.07936500001,10618.66751693347,,29651.382200000004,189,8.714248691770475
660,0xcf119e969f31de9653a58cb3dc213b485cd48399,dragonflyy,,False,245159.75255600005,10276.993070819997,,14999.9766,185,4.191957678074625
666,0x7c873c11e40ceaaba6385322d49f565b66659bd4,jaja5050,,False,149777.833616,10148.114752150159,,133035.19909999997,317,6.775445008884204
683,0xdefebc7ed6f5d6e8710398f37eea6fc1746a17f4,e25247f2da2a2462f03c936c379b7ab0,,False,215428.70973500004,9952.693148115379,,24919.7819,557,4.619947434284984
685,0xc288dbd651dbcf41e7aac3b523b7e6edc5023480,dodged-a-bullet,crydevil_crypto,False,49135.994545,9914.589868692467,https://polymarket-upload.s3.us-east-2.amazonaws.com/profile-image-601291-3b5ef199-f2dc-443a-9d28-c1413a827fe7.jpg,15192.625299999998,1306,20.177855277992656
687,0x5ecde7348ea5100af4360dd7a6e0a3fb1d420787,Mujurry,HanRiverVictim,False,821676.272629,9910.504720425903,https://polymarket-upload.s3.us-east-2.amazonaws.com/profile-image-3059638-fc94e29e-9284-41a5-893e-493548f2ffc0.jpg,88209.20879999995,3792,1.20613251843292
696,0x033f0346c007323030eb420305ffede19a95618e,TheVeryGoodCow,,False,599906.5481950002,9784.376877260012,https://polymarket-upload.s3.us-east-2.amazonaws.com/profile-image-3027617-b61f3802-cd12-43b4-a357-b85be2e8f1b9.webp,78250.78600000002,3380,1.6309835101315802
710,0xb7b3ed1c02a77a200b600ac407747be2f3b79573,cuti,Cyberonecrypto,False,89381.65582300001,9557.09445987055,https://polymarket-upload.s3.us-east-2.amazonaws.com/profile-image-117537-96f665cd-60e6-4eaf-a056-382ebec84abd.jpg,111930.13210000002,1851,10.69245626730858
720,0x05e35d6c71ecf67517ffb289ea53427da8f84b87,0x05E35D6C71ecf67517Ffb289EA53427dA8f84B87-1764992968641,,False,91976.19871800001,9416.167010743891,,11695.287,863,10.23761271066872
721,0xf8ccb567e89c3240359217ebd0b5b5fe7fce5a82,DapperChapper,,False,147230.683049,9413.932860846591,,378305.1377,957,6.39400202858091
725,0x67e752300426fd0877029c425fb95b9d91d352ca,0x67e752300426FD0877029c425fb95B9D91d352cA-1765813459657,,False,90527.64729899999,9380.706249360897,,23902.1761,126,10.362255652549717
727,0x53ecc53e7a69aad0e6dda60264cc2e363092df91,0x53eCc53E7,,False,96418.84710000003,9357.24262120365,,237383.29130000007,1203,9.704785840779511
729,0xc02147dee42356b7a4edbb1c35ac4ffa95f61fa8,Eatpraylove,,False,489524.9982140002,9317.380413472654,,659201.8776000001,891,1.903351299211788
732,0xfa5f472ac88d746f769fcf694c2346e2ec59005f,jinsanity,,False,375514.663397,9294.260493340056,,95078.25799999999,969,2.475072586849696
752,0xb4b7ee12ec0f8d62fb821b1a18fe6064b54e3c8b,BigGuyBigGout,,False,249608.04368899998,9128.679114744682,,20721.2752,243,3.6572055050111256
753,0x7d26d98cd61a2de8ce4a37a05cf9537ec85fa7d1,TheMojo,,False,47420.527426,9120.36254916299,https://polymarket-upload.s3.us-east-2.amazonaws.com/profile-image-2998019-d5bb7509-4c02-463f-bb65-415a3c893a93.png,23034.843900000003,303,19.232942027891546
756,0x707ee69ecae91e2486ec33a906d3ddd17af51960,Bittercoin,,False,747664.1595040001,9101.466633131364,https://polymarket-upload.s3.us-east-2.amazonaws.com/profile-image-1239144-d9f6ddbf-a1e4-4d6c-9e5c-21ab0190abab.png,44605.68290000001,2947,1.2173201720902698
764,0x6139c42e48cf190e67a0a85d492413b499336b7a,RememberAmalek,,False,353988.782291,8983.329829981001,https://polymarket-upload.s3.us-east-2.amazonaws.com/3ADDD929_8FD6_462E_ACEB_A3A9A20E304F_95454ca8-4c51-49d6-9b4d-83f222896a18_1724047947234.png,277437.29860000004,906,2.537744210943997
772,0x4cb5ec560735efca23f76f2dd152b74bc6a9b536,TheEmprah,,False,76852.00038199998,8877.295713183868,https://polymarket-upload.s3.us-east-2.amazonaws.com/emprah_3d321c2c-aa0e-405c-92e6-d087b02c6757_1733859317318.png,202717.66049999997,191,11.55115763943482
774,0x84f7860753f0fb62e7e786523690661c4255ade1,brunnpas,,False,274748.341933,8862.427355713584,,14078.036900000003,6100,3.2256527167231352
775,0xa177c3c893fcb53f7c8a72caac0e8175ac796e84,nkolbet51,,False,143200.233232,8858.383713552068,,15567.895199999999,160,6.1860120710840745
786,0x612f07e76abb9d4d1804264a088a37a666ecaa53,J-E-R,,False,568495.366063,8773.218746830316,,21960.28229999999,425,1.5432348741182311
789,0xff165cf8eb75ee77933a7544d7cd600ccb2c7511,solwizzo-onX,solwizzo,False,25066.101472,8703.54240925306,https://polymarket-upload.s3.us-east-2.amazonaws.com/profile-image-717748-c2acabdf-11c4-4349-abd9-c5fa9cefdba2.webp,53137.645899999996,412,34.72236166830858
790,0x1c144e30f405a25f991cbd8baa15d40599090869,bernardbulletin,bernardbulletin,False,151840.111918,8701.742440288675,https://polymarket-upload.s3.us-east-2.amazonaws.com/profile-image-765853-745c728b-99ca-4c24-8b78-3fc38c3477b7.png,74790.56039999994,853,5.730858816139427
799,0xb9abbf527032ba370e3519de95ff907d0154f282,riversprite,,False,127449.44292799999,8552.448241856802,https://polymarket-upload.s3.us-east-2.amazonaws.com/profile-image-3459245-c7bf84cd-01cf-4390-a1ff-c35bf8fe5d37.jpg,11421.1127,1073,6.710463416217784
806,0xf6c0455b881b9056502a1148fc31cd28bccd722e,210213k120-jr210j12t563h11,,False,64441.568688999985,8471.23590329539,,20854.392600000003,951,13.145607836113104
808,0x89cd944aa9cf528142e3557099c6992eb7ce4d7d,0x89cd944aa9cf528142e3557099c6992eb7ce4d7d,,False,66326.323274,8454.409721154549,,62825.5256,210,12.746688349101792
813,0xfd2b117412a698f322b0cd18d6827dad262b8e50,surf,,False,33511.75682,8399.772338569448,,84423.13090000002,703,25.06515066842577
814,0xd7eee5e918dc59fa32386a4ad8a89655946e9597,Vitaaalya,,False,113006.92839700001,8389.021314258694,,27396.375599999996,259,7.423457511195745
816,0xb886580698ede4b18de3e446b2d8da8bcedd81b3,0xB886580698eDE4b18DE3E446b2D8Da8bCEdd81B3-1767532547794,,False,621453.2802560001,8364.583669809223,,34322.8592,590,1.3459714407434673
822,0x31436bde35c25c3714e0c3e7fbd14a22107581b1,yyyyyyy,,False,33209.54235,8303.932948797621,,36744.55499999998,620,25.004659387598032
823,0x614dc8d3542c12103d2c6a3553fd761e391d1546,mr.ozi,MrOziPM,True,171998.566381,8300.062090599053,https://polymarket-upload.s3.us-east-2.amazonaws.com/Capture_2c5e68de-e9d9-41e8-b25d-2dcc67eefc45_1721219990648.PNG,80884.87630000002,1572,4.8256577163633425
824,0xf3505345381358c2311ef9bc8096ace10165f3ff,BettingQuant,Betting_Quant,False,134785.57213100002,8298.572222370263,https://polymarket-upload.s3.us-east-2.amazonaws.com/profile-image-3739431-1f4c02d9-29f8-418b-8fa0-62b989d59e84.jpg,17063.901100000003,2684,6.156869827509997
834,0x0b219cf3d297991b58361dbebdbaa91e56b8deb6,TerreMoto,,False,60214.873892,8188.740117907377,,444565.08330000006,150,13.599198318665437
843,0xb3b50ef66acf4beefafa754a4e4b8b5cd5b6bef4,S.T.F.,,False,227186.939268,8112.694336473229,,85229.1232,509,3.5709334183613115
844,0xe12a92092fdd4b94ca344a0d98db66f193be67ef,MikelenoskiSide2,,False,311877.201683,8089.342117944835,,16471.7082,164,2.5937587211543116
851,0xf9f207b77137caa79c6c4516abdef3133db45cba,extractive-manatee,ferrellcode,False,255101.486652,7996.447644428028,https://polymarket-upload.s3.us-east-2.amazonaws.com/profile-image-1963716-2cc879f8-d7fc-42b9-b8f4-ec598e921132.jpg,43989.799500000016,1701,3.134614286014133
852,0xef94696817d93f66d0e86a4f85b4a5703edef8c4,jimmyjpeg,,False,63137.565201,7994.087899923518,,34992.2083,111,12.661381341637332
856,0x000d257d2dc7616feaef4ae0f14600fdf50a758e,scottilicious,scottonPoly,False,445178.124064,7955.13720363616,https://polymarket-upload.s3.us-east-2.amazonaws.com/profile-image-583-178de096-51b5-46b0-b1bf-83d0b80ad3d4.jpg,588329.8760999998,1009,1.786956001120241
857,0xa1a9564c25491b842e821b26684cd68a2e85e22e,GefjonSports,,False,100694.84296500002,7947.780999271932,,13664.437499999998,141,7.892937478470927
863,0xa3e9a711841e655def080044768452b60f4263d0,petercrouch,,False,34670.13419,7908.238024208507,https://polymarket-upload.s3.us-east-2.amazonaws.com/profile-image-717290-daeb14b7-e65b-4a47-91ed-add8cab237e4.webp,86749.51470000001,401,22.809943511812257
868,0x39d0f1dca6fb7e5514858c1a337724a426764fe8,kekkone,kekkospoly,False,135761.83571300004,7796.030933109943,https://polymarket-upload.s3.us-east-2.amazonaws.com/profile-image-723547-34a8332b-2c2b-4047-a687-0e780745850d.jpeg,80345.86660000002,1342,5.742431878713485
871,0x60a92c8620846d81f5ea17b0564e0d4b7c545a71,paddaa,Impij25,False,306592.9311219999,7781.901025588372,https://polymarket-upload.s3.us-east-2.amazonaws.com/profile-image-3154451-d1120fcc-6e76-4148-b6a3-3622eebeee2e.jpeg,30327.343699999998,659,2.538186708059419
876,0x41816fc1ebdfeb33f6356f2655ab499253b3de86,BobInvestments,,False,13761.936327000001,7725.9253434802495,https://polymarket-upload.s3.us-east-2.amazonaws.com/profile-image-3299776-054f782c-1171-4d54-ba8c-1887de9b93a2.png,12865.363000000003,204,56.13981317674388
879,0x47f5552f4a63666606d7fbc15f9a66e4d7d2934d,turak,,False,414625.99413400004,7707.033326386892,,58791.67629999999,201,1.8587916424497282
880,0x9238743eeba8bbfe9e85ac7ba2e1e3d77877b73e,leCommissaire,,False,69586.147727,7685.879559244174,https://polymarket-upload.s3.us-east-2.amazonaws.com/profile-image-1590377-7d552fae-abde-49b2-b39b-6241ec001955.webp,14940.7112,1147,11.045128679054594
885,0x1295269296e51cd28a3db85fa6728c0e352b5cfd,FlyingPlaty,,False,560341.616095,7621.028225231723,,36860.87620000002,356,1.360068216660827
889,0x34026514e0bda25f0f9fbb053fe3070cdc8c9446,madril,,False,20582.726344000002,7585.3108178866705,https://polymarket-upload.s3.us-east-2.amazonaws.com/profile-image-1413867-211a0283-5d4d-4321-b171-abade1c5afbe.jpg,26288.964,339,36.85279924103853
891,0x5555dd8600b3a4c425197d1976c1b486554c2af1,0x0limit,,False,119961.99761899999,7567.343498835594,,10246.1216,125,6.308117277997923
892,0x09705c0b0a5a7359f5c94688687fc73447e65ae4,Occult,OccultStories,False,282777.986783,7563.9393721461765,https://polymarket-upload.s3.us-east-2.amazonaws.com/dandadan_anime_dandadan_e3f28ef0-ce90-454c-b097-0c1f4dd36944_1738348395783.gif,10595.862399999998,924,2.6748685278499567
904,0xedadd813336221a17742f5dace188f69bff017b2,duckingduckk,,False,117869.70778599997,7439.114525272216,,38562.96280000002,274,6.311303103235318
905,0xf6d0642148933ea5a0c5c9ad33c1c1b517e69391,fun123,,False,130316.23906299999,7438.713806072304,,10513.5147,152,5.708201724940924
912,0x33dd49d595ca9c26dbe02c4830f90334f4d7ef8a,midgaralpha,,False,603099.5533070001,7384.583119596391,,54040.17729999999,228,1.2244384992666981
927,0xb63ac06f20eed05d0a34f61116d0580a0afb4064,plzdontdropout,,False,112382.18,7246.078866065041,,63547.158400000015,5712,6.447711608784455
936,0x98dfacc5ff8db7c42b56d0d7cceae05b47fa935a,mexicola,,False,46853.995199,7193.643722725207,,41345.84470000001,240,15.353319801592374
940,0x3c7ebc96f744a2a52841733c0b3dfe66011ea65f,Swagsurfing,,False,594515.608966,7167.407282586024,,50685.6022,616,1.2055877380665918
945,0x5116ee15e86bc8878b90ac8a8514e38511eb58c4,ElonSpam,,False,564108.085745,7144.467359486554,https://polymarket-upload.s3.us-east-2.amazonaws.com/profile-image-1485964-3ade9e79-6602-4300-9184-0de6650ef1aa.jpeg,73926.36139999998,3049,1.2665068166947258
948,0xa8c63f775ddbbe66b56614191747def3021444e8,Tenebrus7,Tenebrus87,False,694229.5688579999,7133.940422582357,https://polymarket-upload.s3.us-east-2.amazonaws.com/profile-image-561226-af4d2e36-9a46-4216-8305-ab6d8c97d1ce.png,237693.15950000007,3112,1.0276053833773764
959,0x9e9a44961a17a6ab3815e4cd6bb0be51bce3a9a8,BabyIBeenWatchingYou,,False,81306.961794,7042.46719330299,,48184.83120000001,297,8.661579571926255
965,0x9dfe2f73d3c988a9d69df8fa0beb85651340b3dd,Moond,CryptoMoonday,False,33133.170166,7001.911921087706,https://polymarket-upload.s3.us-east-2.amazonaws.com/profile-image-637169-9d0675df-a65d-4543-9198-178554a381d2.jpeg,29168.9389,1781,21.132635018042436
969,0x7177a7f5c216809c577c50c77b12aae81f81ddef,kcnyekchno,,False,65839.086516,6999.449283276034,,574735.0214,172,10.631145803602623
975,0x92a6294cd55b9c6ccd57efaffc365ad943118b84,Trustinghorse,,False,544189.2751099999,6969.416846247252,,19997.751599999996,105,1.2806972068382798
984,0xf5b15da63c1bb7aed1024c36438fac51938cbb91,mistald,mistald,False,83259.004127,6903.936370555322,https://polymarket-upload.s3.us-east-2.amazonaws.com/profile-image-92014-90a12fcd-004d-4220-8f5b-096ffe9c0cd4.webp,22179.199500000002,105,8.292119804873394
985,0x3a55b0c45449b955e43ec10734bd988bb5d1394e,bronxbaby24,,False,248922.383376,6899.169367323022,https://polymarket-upload.s3.us-east-2.amazonaws.com/profile-image-695409-72a02f7a-67a2-493e-aa15-4fc8fa6d8190.jpg,137147.65290000002,786,2.771614699230061
994,0xa17325d33b095b6bb48d475a3578fecbdff73315,Risto,,False,51500.873767,6875.139777720366,,29303.388200000005,167,13.349559482863999
